starttime	seconds	ctime	dtime	ttime	wait
Tue Nov 20 08:45:48 2012	1353368748	0	31	31	31
Tue Nov 20 08:45:48 2012	1353368748	0	31	31	31
Tue Nov 20 08:45:48 2012	1353368748	0	31	31	31
Tue Nov 20 08:45:48 2012	1353368748	0	31	31	31
Tue Nov 20 08:45:44 2012	1353368744	0	33	33	33
Tue Nov 20 08:45:44 2012	1353368744	0	33	33	33
Tue Nov 20 08:45:44 2012	1353368744	0	33	33	33
Tue Nov 20 08:45:44 2012	1353368744	0	33	33	33
Tue Nov 20 08:45:46 2012	1353368746	0	33	33	33
Tue Nov 20 08:45:45 2012	1353368745	0	36	36	36
Tue Nov 20 08:45:45 2012	1353368745	0	36	36	36
Tue Nov 20 08:45:45 2012	1353368745	0	36	36	36
Tue Nov 20 08:45:45 2012	1353368745	0	36	36	36
Tue Nov 20 08:45:44 2012	1353368744	0	36	36	36
Tue Nov 20 08:45:44 2012	1353368744	0	36	36	36
Tue Nov 20 08:45:50 2012	1353368750	0	38	38	38
Tue Nov 20 08:45:50 2012	1353368750	0	38	38	38
Tue Nov 20 08:45:45 2012	1353368745	0	39	39	39
Tue Nov 20 08:45:45 2012	1353368745	0	39	39	39
Tue Nov 20 08:45:45 2012	1353368745	0	40	40	40
Tue Nov 20 08:45:45 2012	1353368745	0	40	40	40
Tue Nov 20 08:45:45 2012	1353368745	0	40	40	40
Tue Nov 20 08:45:45 2012	1353368745	0	40	40	40
Tue Nov 20 08:45:45 2012	1353368745	0	40	40	40
Tue Nov 20 08:45:50 2012	1353368750	0	40	40	40
Tue Nov 20 08:45:50 2012	1353368750	0	40	40	40
Tue Nov 20 08:45:44 2012	1353368744	0	40	40	40
Tue Nov 20 08:45:50 2012	1353368750	0	40	40	40
Tue Nov 20 08:45:50 2012	1353368750	0	40	40	40
Tue Nov 20 08:45:44 2012	1353368744	0	40	40	40
Tue Nov 20 08:45:44 2012	1353368744	0	40	40	40
Tue Nov 20 08:45:44 2012	1353368744	0	40	40	40
Tue Nov 20 08:45:44 2012	1353368744	0	40	40	40
Tue Nov 20 08:45:50 2012	1353368750	0	40	40	40
Tue Nov 20 08:45:52 2012	1353368752	0	43	43	43
Tue Nov 20 08:45:48 2012	1353368748	0	43	43	43
Tue Nov 20 08:45:48 2012	1353368748	0	43	43	43
Tue Nov 20 08:45:48 2012	1353368748	0	43	43	43
Tue Nov 20 08:45:48 2012	1353368748	0	44	44	43
Tue Nov 20 08:45:49 2012	1353368749	0	44	44	43
Tue Nov 20 08:45:49 2012	1353368749	0	44	44	43
Tue Nov 20 08:45:49 2012	1353368749	0	44	44	43
Tue Nov 20 08:45:49 2012	1353368749	0	44	44	43
Tue Nov 20 08:45:52 2012	1353368752	0	44	44	44
Tue Nov 20 08:45:52 2012	1353368752	0	44	44	44
Tue Nov 20 08:45:52 2012	1353368752	0	44	44	44
Tue Nov 20 08:45:52 2012	1353368752	0	44	44	44
Tue Nov 20 08:45:47 2012	1353368747	0	44	44	44
Tue Nov 20 08:45:50 2012	1353368750	0	44	44	44
Tue Nov 20 08:45:50 2012	1353368750	0	44	44	44
Tue Nov 20 08:45:53 2012	1353368753	0	44	44	44
Tue Nov 20 08:45:50 2012	1353368750	0	44	44	44
Tue Nov 20 08:45:45 2012	1353368745	0	44	44	44
Tue Nov 20 08:45:45 2012	1353368745	0	44	44	44
Tue Nov 20 08:45:53 2012	1353368753	0	44	44	44
Tue Nov 20 08:45:53 2012	1353368753	0	44	44	44
Tue Nov 20 08:45:45 2012	1353368745	0	45	45	45
Tue Nov 20 08:45:45 2012	1353368745	0	45	45	45
Tue Nov 20 08:45:45 2012	1353368745	0	45	45	45
Tue Nov 20 08:45:45 2012	1353368745	0	45	45	45
Tue Nov 20 08:45:52 2012	1353368752	0	47	47	47
Tue Nov 20 08:45:52 2012	1353368752	0	47	47	47
Tue Nov 20 08:45:52 2012	1353368752	0	47	47	47
Tue Nov 20 08:45:52 2012	1353368752	0	47	47	47
Tue Nov 20 08:45:52 2012	1353368752	0	47	47	47
Tue Nov 20 08:45:52 2012	1353368752	0	47	47	47
Tue Nov 20 08:45:46 2012	1353368746	0	48	48	48
Tue Nov 20 08:45:46 2012	1353368746	0	48	48	48
Tue Nov 20 08:45:46 2012	1353368746	0	48	48	48
Tue Nov 20 08:45:48 2012	1353368748	0	48	48	48
Tue Nov 20 08:45:46 2012	1353368746	0	48	48	48
Tue Nov 20 08:45:48 2012	1353368748	0	48	48	48
Tue Nov 20 08:45:48 2012	1353368748	0	48	48	48
Tue Nov 20 08:45:48 2012	1353368748	0	48	48	48
Tue Nov 20 08:45:48 2012	1353368748	0	48	48	48
Tue Nov 20 08:45:48 2012	1353368748	0	49	49	49
Tue Nov 20 08:45:48 2012	1353368748	0	49	49	49
Tue Nov 20 08:45:48 2012	1353368748	0	49	49	49
Tue Nov 20 08:45:48 2012	1353368748	0	49	49	49
Tue Nov 20 08:45:51 2012	1353368751	0	49	49	49
Tue Nov 20 08:45:51 2012	1353368751	0	49	49	49
Tue Nov 20 08:45:51 2012	1353368751	0	49	49	49
Tue Nov 20 08:45:51 2012	1353368751	0	49	49	49
Tue Nov 20 08:45:46 2012	1353368746	0	49	49	49
Tue Nov 20 08:45:46 2012	1353368746	0	49	49	49
Tue Nov 20 08:45:46 2012	1353368746	0	49	49	49
Tue Nov 20 08:45:46 2012	1353368746	0	49	49	49
Tue Nov 20 08:45:46 2012	1353368746	0	49	49	49
Tue Nov 20 08:45:51 2012	1353368751	0	49	49	49
Tue Nov 20 08:45:51 2012	1353368751	0	49	49	49
Tue Nov 20 08:45:51 2012	1353368751	0	49	49	49
Tue Nov 20 08:45:51 2012	1353368751	0	49	49	49
Tue Nov 20 08:45:51 2012	1353368751	0	49	49	49
Tue Nov 20 08:45:51 2012	1353368751	0	49	49	49
Tue Nov 20 08:45:51 2012	1353368751	0	49	49	49
Tue Nov 20 08:45:51 2012	1353368751	0	49	49	49
Tue Nov 20 08:45:52 2012	1353368752	0	50	50	50
Tue Nov 20 08:45:52 2012	1353368752	0	50	50	50
Tue Nov 20 08:45:52 2012	1353368752	0	52	52	52
Tue Nov 20 08:45:52 2012	1353368752	0	52	52	52
Tue Nov 20 08:45:52 2012	1353368752	0	52	52	52
Tue Nov 20 08:45:52 2012	1353368752	0	52	52	52
Tue Nov 20 08:45:45 2012	1353368745	0	53	53	53
Tue Nov 20 08:45:45 2012	1353368745	0	53	53	53
Tue Nov 20 08:45:45 2012	1353368745	0	53	53	53
Tue Nov 20 08:45:45 2012	1353368745	0	53	53	53
Tue Nov 20 08:45:45 2012	1353368745	0	53	53	53
Tue Nov 20 08:45:52 2012	1353368752	0	53	53	53
Tue Nov 20 08:45:52 2012	1353368752	0	53	53	53
Tue Nov 20 08:45:46 2012	1353368746	0	53	53	53
Tue Nov 20 08:45:46 2012	1353368746	0	53	53	53
Tue Nov 20 08:45:46 2012	1353368746	0	53	53	53
Tue Nov 20 08:45:46 2012	1353368746	0	53	53	53
Tue Nov 20 08:45:48 2012	1353368748	0	53	53	53
Tue Nov 20 08:45:48 2012	1353368748	0	53	53	53
Tue Nov 20 08:45:49 2012	1353368749	0	53	53	53
Tue Nov 20 08:45:52 2012	1353368752	0	53	53	53
Tue Nov 20 08:45:49 2012	1353368749	0	53	53	53
Tue Nov 20 08:45:49 2012	1353368749	0	53	53	53
Tue Nov 20 08:45:49 2012	1353368749	0	53	53	53
Tue Nov 20 08:45:49 2012	1353368749	0	53	53	53
Tue Nov 20 08:45:49 2012	1353368749	0	53	53	53
Tue Nov 20 08:45:52 2012	1353368752	0	53	53	53
Tue Nov 20 08:45:52 2012	1353368752	0	53	53	53
Tue Nov 20 08:45:52 2012	1353368752	0	53	53	53
Tue Nov 20 08:45:48 2012	1353368748	0	53	53	53
Tue Nov 20 08:45:48 2012	1353368748	0	53	53	53
Tue Nov 20 08:45:48 2012	1353368748	0	53	53	53
Tue Nov 20 08:45:48 2012	1353368748	0	53	53	53
Tue Nov 20 08:45:46 2012	1353368746	0	54	54	54
Tue Nov 20 08:45:46 2012	1353368746	0	54	54	54
Tue Nov 20 08:45:46 2012	1353368746	0	54	54	54
Tue Nov 20 08:45:46 2012	1353368746	0	54	54	54
Tue Nov 20 08:45:46 2012	1353368746	0	54	54	54
Tue Nov 20 08:45:44 2012	1353368744	0	54	54	54
Tue Nov 20 08:45:44 2012	1353368744	0	54	54	54
Tue Nov 20 08:45:44 2012	1353368744	0	54	54	54
Tue Nov 20 08:45:44 2012	1353368744	0	54	54	54
Tue Nov 20 08:45:51 2012	1353368751	0	54	54	54
Tue Nov 20 08:45:46 2012	1353368746	0	54	54	54
Tue Nov 20 08:45:46 2012	1353368746	0	54	54	54
Tue Nov 20 08:45:46 2012	1353368746	0	54	54	54
Tue Nov 20 08:45:44 2012	1353368744	0	54	54	54
Tue Nov 20 08:45:44 2012	1353368744	0	54	54	54
Tue Nov 20 08:45:44 2012	1353368744	0	54	54	54
Tue Nov 20 08:45:44 2012	1353368744	0	54	54	54
Tue Nov 20 08:45:51 2012	1353368751	0	54	54	54
Tue Nov 20 08:45:51 2012	1353368751	0	54	54	54
Tue Nov 20 08:45:49 2012	1353368749	0	54	54	54
Tue Nov 20 08:45:49 2012	1353368749	0	54	54	54
Tue Nov 20 08:45:49 2012	1353368749	0	54	54	54
Tue Nov 20 08:45:49 2012	1353368749	0	54	54	54
Tue Nov 20 08:45:51 2012	1353368751	0	56	56	56
Tue Nov 20 08:45:51 2012	1353368751	0	56	56	56
Tue Nov 20 08:45:51 2012	1353368751	0	56	56	56
Tue Nov 20 08:45:51 2012	1353368751	0	56	56	56
Tue Nov 20 08:45:51 2012	1353368751	0	56	56	56
Tue Nov 20 08:45:43 2012	1353368743	1	56	57	56
Tue Nov 20 08:45:43 2012	1353368743	1	56	57	56
Tue Nov 20 08:45:43 2012	1353368743	1	56	57	56
Tue Nov 20 08:45:43 2012	1353368743	1	56	57	56
Tue Nov 20 08:45:43 2012	1353368743	1	56	57	56
Tue Nov 20 08:45:43 2012	1353368743	1	56	57	56
Tue Nov 20 08:45:43 2012	1353368743	1	56	57	56
Tue Nov 20 08:45:43 2012	1353368743	1	56	57	56
Tue Nov 20 08:45:43 2012	1353368743	1	56	57	56
Tue Nov 20 08:45:43 2012	1353368743	1	56	57	56
Tue Nov 20 08:45:47 2012	1353368747	0	57	57	57
Tue Nov 20 08:45:47 2012	1353368747	0	57	57	57
Tue Nov 20 08:45:47 2012	1353368747	0	58	58	57
Tue Nov 20 08:45:47 2012	1353368747	0	58	58	58
Tue Nov 20 08:45:47 2012	1353368747	0	58	58	58
Tue Nov 20 08:45:47 2012	1353368747	0	58	58	58
Tue Nov 20 08:45:47 2012	1353368747	0	58	58	58
Tue Nov 20 08:45:44 2012	1353368744	0	59	59	59
Tue Nov 20 08:45:47 2012	1353368747	0	59	59	59
Tue Nov 20 08:45:47 2012	1353368747	0	59	59	59
Tue Nov 20 08:45:47 2012	1353368747	0	60	60	60
Tue Nov 20 08:45:47 2012	1353368747	0	60	60	60
Tue Nov 20 08:45:47 2012	1353368747	0	60	60	60
Tue Nov 20 08:45:47 2012	1353368747	0	60	60	60
Tue Nov 20 08:45:50 2012	1353368750	0	60	60	60
Tue Nov 20 08:45:50 2012	1353368750	0	60	60	60
Tue Nov 20 08:45:50 2012	1353368750	0	60	60	60
Tue Nov 20 08:45:50 2012	1353368750	0	60	60	60
Tue Nov 20 08:45:50 2012	1353368750	0	60	60	60
Tue Nov 20 08:45:50 2012	1353368750	0	60	60	60
Tue Nov 20 08:45:50 2012	1353368750	0	60	60	60
Tue Nov 20 08:45:50 2012	1353368750	0	60	60	60
Tue Nov 20 08:45:50 2012	1353368750	0	60	60	60
Tue Nov 20 08:45:47 2012	1353368747	0	61	61	61
Tue Nov 20 08:45:47 2012	1353368747	0	61	61	61
Tue Nov 20 08:45:47 2012	1353368747	0	61	61	61
Tue Nov 20 08:45:47 2012	1353368747	0	62	62	62
Tue Nov 20 08:45:47 2012	1353368747	0	62	62	62
Tue Nov 20 08:45:47 2012	1353368747	0	62	62	62
Tue Nov 20 08:45:47 2012	1353368747	0	62	62	62
Tue Nov 20 08:45:52 2012	1353368752	0	63	63	63
Tue Nov 20 08:45:52 2012	1353368752	0	63	63	63
Tue Nov 20 08:45:52 2012	1353368752	0	63	63	63
Tue Nov 20 08:45:49 2012	1353368749	0	65	65	65
Tue Nov 20 08:45:49 2012	1353368749	0	66	66	66
Tue Nov 20 08:45:49 2012	1353368749	0	66	66	66
Tue Nov 20 08:45:46 2012	1353368746	0	66	66	66
Tue Nov 20 08:45:46 2012	1353368746	0	66	66	66
Tue Nov 20 08:45:50 2012	1353368750	0	66	66	66
Tue Nov 20 08:45:50 2012	1353368750	0	66	66	66
Tue Nov 20 08:45:46 2012	1353368746	0	67	67	67
Tue Nov 20 08:45:46 2012	1353368746	0	67	67	67
Tue Nov 20 08:45:46 2012	1353368746	0	67	67	67
Tue Nov 20 08:45:45 2012	1353368745	0	67	67	67
Tue Nov 20 08:45:45 2012	1353368745	0	67	67	67
Tue Nov 20 08:45:43 2012	1353368743	0	69	69	69
Tue Nov 20 08:45:43 2012	1353368743	0	69	69	69
Tue Nov 20 08:45:50 2012	1353368750	0	70	70	70
Tue Nov 20 08:45:50 2012	1353368750	0	70	70	70
Tue Nov 20 08:45:45 2012	1353368745	0	71	71	71
Tue Nov 20 08:45:45 2012	1353368745	0	71	71	71
Tue Nov 20 08:45:53 2012	1353368753	0	72	72	72
Tue Nov 20 08:45:53 2012	1353368753	0	73	73	73
Tue Nov 20 08:45:53 2012	1353368753	0	73	73	73
Tue Nov 20 08:45:53 2012	1353368753	0	73	73	73
Tue Nov 20 08:45:53 2012	1353368753	0	73	73	73
Tue Nov 20 08:45:51 2012	1353368751	0	74	74	74
Tue Nov 20 08:45:51 2012	1353368751	0	75	75	75
Tue Nov 20 08:45:51 2012	1353368751	0	75	75	75
Tue Nov 20 08:45:46 2012	1353368746	0	75	75	75
Tue Nov 20 08:45:51 2012	1353368751	0	75	75	75
Tue Nov 20 08:45:51 2012	1353368751	0	75	75	75
Tue Nov 20 08:45:46 2012	1353368746	0	75	75	75
Tue Nov 20 08:45:51 2012	1353368751	0	75	75	75
Tue Nov 20 08:45:52 2012	1353368752	0	76	76	76
Tue Nov 20 08:45:47 2012	1353368747	0	76	76	76
Tue Nov 20 08:45:47 2012	1353368747	0	76	76	76
Tue Nov 20 08:45:47 2012	1353368747	0	76	76	76
Tue Nov 20 08:45:47 2012	1353368747	0	76	76	76
Tue Nov 20 08:45:47 2012	1353368747	0	76	76	76
Tue Nov 20 08:45:47 2012	1353368747	0	76	76	76
Tue Nov 20 08:45:47 2012	1353368747	0	76	76	76
Tue Nov 20 08:45:52 2012	1353368752	0	77	77	77
Tue Nov 20 08:45:46 2012	1353368746	0	77	77	77
Tue Nov 20 08:45:46 2012	1353368746	0	77	77	77
Tue Nov 20 08:45:46 2012	1353368746	0	77	77	77
Tue Nov 20 08:45:52 2012	1353368752	0	77	77	77
Tue Nov 20 08:45:52 2012	1353368752	0	77	77	77
Tue Nov 20 08:45:51 2012	1353368751	0	77	77	77
Tue Nov 20 08:45:51 2012	1353368751	0	78	78	78
Tue Nov 20 08:45:51 2012	1353368751	0	78	78	78
Tue Nov 20 08:45:51 2012	1353368751	0	78	78	78
Tue Nov 20 08:45:51 2012	1353368751	0	78	78	78
Tue Nov 20 08:45:51 2012	1353368751	0	78	78	78
Tue Nov 20 08:45:52 2012	1353368752	0	78	78	78
Tue Nov 20 08:45:49 2012	1353368749	0	78	78	78
Tue Nov 20 08:45:49 2012	1353368749	0	78	78	78
Tue Nov 20 08:45:49 2012	1353368749	0	78	78	78
Tue Nov 20 08:45:49 2012	1353368749	0	78	78	78
Tue Nov 20 08:45:45 2012	1353368745	0	78	78	78
Tue Nov 20 08:45:45 2012	1353368745	0	78	78	78
Tue Nov 20 08:45:45 2012	1353368745	0	78	78	78
Tue Nov 20 08:45:45 2012	1353368745	0	78	78	78
Tue Nov 20 08:45:50 2012	1353368750	0	79	79	79
Tue Nov 20 08:45:50 2012	1353368750	0	79	79	79
Tue Nov 20 08:45:50 2012	1353368750	0	79	79	79
Tue Nov 20 08:45:50 2012	1353368750	0	79	79	79
Tue Nov 20 08:45:50 2012	1353368750	0	79	79	79
Tue Nov 20 08:45:50 2012	1353368750	0	79	79	79
Tue Nov 20 08:45:50 2012	1353368750	0	79	79	79
Tue Nov 20 08:45:50 2012	1353368750	0	79	79	79
Tue Nov 20 08:45:50 2012	1353368750	0	79	79	79
Tue Nov 20 08:45:49 2012	1353368749	0	79	79	79
Tue Nov 20 08:45:49 2012	1353368749	0	79	79	79
Tue Nov 20 08:45:49 2012	1353368749	0	79	79	79
Tue Nov 20 08:45:49 2012	1353368749	0	79	79	79
Tue Nov 20 08:45:47 2012	1353368747	0	79	79	79
Tue Nov 20 08:45:47 2012	1353368747	0	79	79	79
Tue Nov 20 08:45:47 2012	1353368747	0	79	79	79
Tue Nov 20 08:45:48 2012	1353368748	0	79	79	79
Tue Nov 20 08:45:48 2012	1353368748	0	79	79	79
Tue Nov 20 08:45:52 2012	1353368752	0	79	79	79
Tue Nov 20 08:45:52 2012	1353368752	0	79	79	79
Tue Nov 20 08:45:52 2012	1353368752	0	79	79	79
Tue Nov 20 08:45:52 2012	1353368752	0	79	79	79
Tue Nov 20 08:45:52 2012	1353368752	0	79	79	79
Tue Nov 20 08:45:47 2012	1353368747	0	79	79	79
Tue Nov 20 08:45:47 2012	1353368747	0	79	79	79
Tue Nov 20 08:45:47 2012	1353368747	0	79	79	79
Tue Nov 20 08:45:47 2012	1353368747	0	79	79	79
Tue Nov 20 08:45:51 2012	1353368751	0	79	79	79
Tue Nov 20 08:45:51 2012	1353368751	0	79	79	79
Tue Nov 20 08:45:44 2012	1353368744	0	79	79	79
Tue Nov 20 08:45:44 2012	1353368744	0	79	79	79
Tue Nov 20 08:45:48 2012	1353368748	0	80	80	80
Tue Nov 20 08:45:48 2012	1353368748	0	80	80	80
Tue Nov 20 08:45:48 2012	1353368748	0	80	80	80
Tue Nov 20 08:45:48 2012	1353368748	0	80	80	80
Tue Nov 20 08:45:45 2012	1353368745	0	80	80	80
Tue Nov 20 08:45:45 2012	1353368745	0	80	80	80
Tue Nov 20 08:45:51 2012	1353368751	0	80	80	80
Tue Nov 20 08:45:45 2012	1353368745	0	80	80	80
Tue Nov 20 08:45:48 2012	1353368748	0	80	80	80
Tue Nov 20 08:45:48 2012	1353368748	0	80	80	80
Tue Nov 20 08:45:48 2012	1353368748	0	80	80	80
Tue Nov 20 08:45:48 2012	1353368748	0	80	80	80
Tue Nov 20 08:45:48 2012	1353368748	0	80	80	80
Tue Nov 20 08:45:48 2012	1353368748	0	80	80	80
Tue Nov 20 08:45:48 2012	1353368748	0	80	80	80
Tue Nov 20 08:45:48 2012	1353368748	0	80	80	80
Tue Nov 20 08:45:45 2012	1353368745	0	80	80	80
Tue Nov 20 08:45:45 2012	1353368745	0	80	80	80
Tue Nov 20 08:45:45 2012	1353368745	0	80	80	80
Tue Nov 20 08:45:45 2012	1353368745	0	80	80	80
Tue Nov 20 08:45:52 2012	1353368752	0	80	80	80
Tue Nov 20 08:45:48 2012	1353368748	0	80	80	80
Tue Nov 20 08:45:48 2012	1353368748	0	80	80	80
Tue Nov 20 08:45:46 2012	1353368746	0	81	81	80
Tue Nov 20 08:45:46 2012	1353368746	0	81	81	80
Tue Nov 20 08:45:46 2012	1353368746	0	81	81	80
Tue Nov 20 08:45:46 2012	1353368746	0	81	81	81
Tue Nov 20 08:45:46 2012	1353368746	0	81	81	81
Tue Nov 20 08:45:46 2012	1353368746	0	81	81	81
Tue Nov 20 08:45:46 2012	1353368746	0	81	81	81
Tue Nov 20 08:45:44 2012	1353368744	0	81	81	81
Tue Nov 20 08:45:44 2012	1353368744	0	81	81	81
Tue Nov 20 08:45:45 2012	1353368745	0	81	81	81
Tue Nov 20 08:45:45 2012	1353368745	0	81	81	81
Tue Nov 20 08:45:45 2012	1353368745	0	81	81	81
Tue Nov 20 08:45:45 2012	1353368745	0	81	81	81
Tue Nov 20 08:45:45 2012	1353368745	0	81	81	81
Tue Nov 20 08:45:45 2012	1353368745	0	81	81	81
Tue Nov 20 08:45:51 2012	1353368751	0	81	81	81
Tue Nov 20 08:45:49 2012	1353368749	0	81	81	81
Tue Nov 20 08:45:51 2012	1353368751	0	81	81	81
Tue Nov 20 08:45:49 2012	1353368749	0	81	81	81
Tue Nov 20 08:45:49 2012	1353368749	0	81	81	81
Tue Nov 20 08:45:49 2012	1353368749	0	81	81	81
Tue Nov 20 08:45:49 2012	1353368749	0	81	81	81
Tue Nov 20 08:45:49 2012	1353368749	0	81	81	81
Tue Nov 20 08:45:51 2012	1353368751	0	81	81	81
Tue Nov 20 08:45:51 2012	1353368751	0	81	81	81
Tue Nov 20 08:45:51 2012	1353368751	0	81	81	81
Tue Nov 20 08:45:51 2012	1353368751	0	81	81	81
Tue Nov 20 08:45:51 2012	1353368751	0	81	81	81
Tue Nov 20 08:45:45 2012	1353368745	0	82	82	82
Tue Nov 20 08:45:44 2012	1353368744	0	82	82	82
Tue Nov 20 08:45:44 2012	1353368744	0	82	82	82
Tue Nov 20 08:45:44 2012	1353368744	0	82	82	82
Tue Nov 20 08:45:44 2012	1353368744	0	82	82	82
Tue Nov 20 08:45:49 2012	1353368749	0	82	82	82
Tue Nov 20 08:45:49 2012	1353368749	0	82	82	82
Tue Nov 20 08:45:49 2012	1353368749	0	82	82	82
Tue Nov 20 08:45:49 2012	1353368749	0	82	82	82
Tue Nov 20 08:45:48 2012	1353368748	0	82	82	82
Tue Nov 20 08:45:48 2012	1353368748	0	82	82	82
Tue Nov 20 08:45:48 2012	1353368748	0	82	82	82
Tue Nov 20 08:45:48 2012	1353368748	0	82	82	82
Tue Nov 20 08:45:50 2012	1353368750	0	83	83	83
Tue Nov 20 08:45:50 2012	1353368750	0	83	83	83
Tue Nov 20 08:45:50 2012	1353368750	0	83	83	83
Tue Nov 20 08:45:50 2012	1353368750	0	83	83	83
Tue Nov 20 08:45:49 2012	1353368749	0	83	83	83
Tue Nov 20 08:45:49 2012	1353368749	0	83	83	83
Tue Nov 20 08:45:47 2012	1353368747	0	83	83	83
Tue Nov 20 08:45:47 2012	1353368747	0	83	83	83
Tue Nov 20 08:45:44 2012	1353368744	0	84	84	84
Tue Nov 20 08:45:44 2012	1353368744	0	84	84	84
Tue Nov 20 08:45:44 2012	1353368744	0	84	84	84
Tue Nov 20 08:45:44 2012	1353368744	0	84	84	84
Tue Nov 20 08:45:49 2012	1353368749	0	84	84	84
Tue Nov 20 08:45:49 2012	1353368749	0	84	84	84
Tue Nov 20 08:45:49 2012	1353368749	0	84	84	84
Tue Nov 20 08:45:49 2012	1353368749	0	84	84	84
Tue Nov 20 08:45:44 2012	1353368744	0	84	84	84
Tue Nov 20 08:45:51 2012	1353368751	0	84	84	84
Tue Nov 20 08:45:44 2012	1353368744	0	84	84	84
Tue Nov 20 08:45:51 2012	1353368751	0	84	84	84
Tue Nov 20 08:45:44 2012	1353368744	0	84	84	84
Tue Nov 20 08:45:44 2012	1353368744	0	84	84	84
Tue Nov 20 08:45:47 2012	1353368747	0	84	84	84
Tue Nov 20 08:45:52 2012	1353368752	0	84	84	84
Tue Nov 20 08:45:51 2012	1353368751	0	84	84	84
Tue Nov 20 08:45:52 2012	1353368752	0	84	84	84
Tue Nov 20 08:45:47 2012	1353368747	0	84	84	84
Tue Nov 20 08:45:51 2012	1353368751	0	84	84	84
Tue Nov 20 08:45:51 2012	1353368751	0	84	84	84
Tue Nov 20 08:45:51 2012	1353368751	0	84	84	84
Tue Nov 20 08:45:51 2012	1353368751	0	84	84	84
Tue Nov 20 08:45:47 2012	1353368747	0	85	85	85
Tue Nov 20 08:45:46 2012	1353368746	0	85	85	85
Tue Nov 20 08:45:47 2012	1353368747	0	85	85	85
Tue Nov 20 08:45:46 2012	1353368746	0	85	85	85
Tue Nov 20 08:45:49 2012	1353368749	0	85	85	85
Tue Nov 20 08:45:49 2012	1353368749	0	85	85	85
Tue Nov 20 08:45:49 2012	1353368749	0	85	85	85
Tue Nov 20 08:45:49 2012	1353368749	0	85	85	85
Tue Nov 20 08:45:52 2012	1353368752	0	86	86	86
Tue Nov 20 08:45:51 2012	1353368751	0	86	86	86
Tue Nov 20 08:45:51 2012	1353368751	0	86	86	86
Tue Nov 20 08:45:51 2012	1353368751	0	86	86	86
Tue Nov 20 08:45:51 2012	1353368751	0	86	86	86
Tue Nov 20 08:45:51 2012	1353368751	0	86	86	86
Tue Nov 20 08:45:51 2012	1353368751	0	86	86	86
Tue Nov 20 08:45:52 2012	1353368752	0	86	86	86
Tue Nov 20 08:45:52 2012	1353368752	0	86	86	86
Tue Nov 20 08:45:47 2012	1353368747	0	86	86	86
Tue Nov 20 08:45:49 2012	1353368749	0	86	86	86
Tue Nov 20 08:45:49 2012	1353368749	0	86	86	86
Tue Nov 20 08:45:51 2012	1353368751	0	86	86	86
Tue Nov 20 08:45:51 2012	1353368751	0	86	86	86
Tue Nov 20 08:45:47 2012	1353368747	0	87	87	87
Tue Nov 20 08:45:51 2012	1353368751	0	87	87	87
Tue Nov 20 08:45:51 2012	1353368751	0	87	87	87
Tue Nov 20 08:45:51 2012	1353368751	0	87	87	87
Tue Nov 20 08:45:49 2012	1353368749	0	87	87	87
Tue Nov 20 08:45:49 2012	1353368749	0	87	87	87
Tue Nov 20 08:45:49 2012	1353368749	0	87	87	87
Tue Nov 20 08:45:49 2012	1353368749	0	87	87	87
Tue Nov 20 08:45:49 2012	1353368749	0	87	87	87
Tue Nov 20 08:45:49 2012	1353368749	0	87	87	87
Tue Nov 20 08:45:48 2012	1353368748	0	87	87	87
Tue Nov 20 08:45:48 2012	1353368748	0	87	87	87
Tue Nov 20 08:45:48 2012	1353368748	0	87	87	87
Tue Nov 20 08:45:48 2012	1353368748	0	87	87	87
Tue Nov 20 08:45:49 2012	1353368749	0	87	87	87
Tue Nov 20 08:45:49 2012	1353368749	0	87	87	87
Tue Nov 20 08:45:49 2012	1353368749	0	87	87	87
Tue Nov 20 08:45:49 2012	1353368749	0	87	87	87
Tue Nov 20 08:45:47 2012	1353368747	0	87	87	87
Tue Nov 20 08:45:47 2012	1353368747	0	87	87	87
Tue Nov 20 08:45:47 2012	1353368747	0	87	87	87
Tue Nov 20 08:45:47 2012	1353368747	0	87	87	87
Tue Nov 20 08:45:45 2012	1353368745	0	87	87	87
Tue Nov 20 08:45:45 2012	1353368745	0	87	87	87
Tue Nov 20 08:45:47 2012	1353368747	0	87	87	87
Tue Nov 20 08:45:47 2012	1353368747	0	87	87	87
Tue Nov 20 08:45:47 2012	1353368747	0	87	87	87
Tue Nov 20 08:45:50 2012	1353368750	0	87	87	87
Tue Nov 20 08:45:50 2012	1353368750	0	87	87	87
Tue Nov 20 08:45:50 2012	1353368750	0	87	87	87
Tue Nov 20 08:45:50 2012	1353368750	0	87	87	87
Tue Nov 20 08:45:51 2012	1353368751	0	87	87	87
Tue Nov 20 08:45:51 2012	1353368751	0	88	88	88
Tue Nov 20 08:45:50 2012	1353368750	0	88	88	88
Tue Nov 20 08:45:50 2012	1353368750	0	88	88	88
Tue Nov 20 08:45:50 2012	1353368750	0	88	88	88
Tue Nov 20 08:45:50 2012	1353368750	0	88	88	88
Tue Nov 20 08:45:50 2012	1353368750	0	88	88	88
Tue Nov 20 08:45:51 2012	1353368751	0	88	88	88
Tue Nov 20 08:45:51 2012	1353368751	0	88	88	88
Tue Nov 20 08:45:51 2012	1353368751	0	88	88	88
Tue Nov 20 08:45:51 2012	1353368751	0	88	88	88
Tue Nov 20 08:45:50 2012	1353368750	0	88	88	88
Tue Nov 20 08:45:50 2012	1353368750	0	88	88	88
Tue Nov 20 08:45:52 2012	1353368752	0	88	88	88
Tue Nov 20 08:45:52 2012	1353368752	0	88	88	88
Tue Nov 20 08:45:52 2012	1353368752	0	88	88	88
Tue Nov 20 08:45:44 2012	1353368744	0	89	89	89
Tue Nov 20 08:45:44 2012	1353368744	0	89	89	89
Tue Nov 20 08:45:49 2012	1353368749	0	89	89	89
Tue Nov 20 08:45:49 2012	1353368749	0	89	89	89
Tue Nov 20 08:45:49 2012	1353368749	0	89	89	89
Tue Nov 20 08:45:49 2012	1353368749	0	89	89	89
Tue Nov 20 08:45:53 2012	1353368753	0	89	89	89
Tue Nov 20 08:45:47 2012	1353368747	0	89	89	89
Tue Nov 20 08:45:52 2012	1353368752	0	89	89	89
Tue Nov 20 08:45:52 2012	1353368752	0	89	89	89
Tue Nov 20 08:45:49 2012	1353368749	0	89	89	89
Tue Nov 20 08:45:49 2012	1353368749	0	89	89	89
Tue Nov 20 08:45:52 2012	1353368752	0	89	89	89
Tue Nov 20 08:45:50 2012	1353368750	0	89	89	89
Tue Nov 20 08:45:50 2012	1353368750	0	89	89	89
Tue Nov 20 08:45:52 2012	1353368752	0	89	89	89
Tue Nov 20 08:45:53 2012	1353368753	0	89	89	89
Tue Nov 20 08:45:53 2012	1353368753	0	89	89	89
Tue Nov 20 08:45:53 2012	1353368753	0	89	89	89
Tue Nov 20 08:45:53 2012	1353368753	0	89	89	89
Tue Nov 20 08:45:48 2012	1353368748	0	89	89	89
Tue Nov 20 08:45:48 2012	1353368748	0	89	89	89
Tue Nov 20 08:45:48 2012	1353368748	0	89	89	89
Tue Nov 20 08:45:48 2012	1353368748	0	89	89	89
Tue Nov 20 08:45:43 2012	1353368743	0	89	89	89
Tue Nov 20 08:45:43 2012	1353368743	0	89	89	89
Tue Nov 20 08:45:43 2012	1353368743	0	89	89	89
Tue Nov 20 08:45:43 2012	1353368743	0	89	89	89
Tue Nov 20 08:45:43 2012	1353368743	0	89	89	89
Tue Nov 20 08:45:43 2012	1353368743	0	89	89	89
Tue Nov 20 08:45:43 2012	1353368743	0	89	89	89
Tue Nov 20 08:45:43 2012	1353368743	0	89	89	89
Tue Nov 20 08:45:43 2012	1353368743	0	89	89	89
Tue Nov 20 08:45:43 2012	1353368743	0	89	89	89
Tue Nov 20 08:45:43 2012	1353368743	0	89	89	89
Tue Nov 20 08:45:43 2012	1353368743	0	89	89	89
Tue Nov 20 08:45:47 2012	1353368747	0	89	89	89
Tue Nov 20 08:45:52 2012	1353368752	0	90	90	89
Tue Nov 20 08:45:52 2012	1353368752	0	90	90	90
Tue Nov 20 08:45:46 2012	1353368746	0	90	90	90
Tue Nov 20 08:45:52 2012	1353368752	0	90	90	90
Tue Nov 20 08:45:52 2012	1353368752	0	90	90	90
Tue Nov 20 08:45:45 2012	1353368745	0	90	90	90
Tue Nov 20 08:45:45 2012	1353368745	0	90	90	90
Tue Nov 20 08:45:43 2012	1353368743	0	90	90	90
Tue Nov 20 08:45:43 2012	1353368743	0	90	90	90
Tue Nov 20 08:45:43 2012	1353368743	0	90	90	90
Tue Nov 20 08:45:43 2012	1353368743	0	90	90	90
Tue Nov 20 08:45:53 2012	1353368753	0	90	90	90
Tue Nov 20 08:45:43 2012	1353368743	0	90	90	90
Tue Nov 20 08:45:43 2012	1353368743	0	90	90	90
Tue Nov 20 08:45:43 2012	1353368743	0	90	90	90
Tue Nov 20 08:45:43 2012	1353368743	0	90	90	90
Tue Nov 20 08:45:43 2012	1353368743	0	90	90	90
Tue Nov 20 08:45:46 2012	1353368746	0	90	90	90
Tue Nov 20 08:45:46 2012	1353368746	0	90	90	90
Tue Nov 20 08:45:46 2012	1353368746	0	90	90	90
Tue Nov 20 08:45:51 2012	1353368751	0	90	90	90
Tue Nov 20 08:45:43 2012	1353368743	0	90	90	90
Tue Nov 20 08:45:46 2012	1353368746	0	90	90	90
Tue Nov 20 08:45:46 2012	1353368746	0	90	90	90
Tue Nov 20 08:45:46 2012	1353368746	0	90	90	90
Tue Nov 20 08:45:46 2012	1353368746	0	90	90	90
Tue Nov 20 08:45:51 2012	1353368751	0	90	90	90
Tue Nov 20 08:45:45 2012	1353368745	0	90	90	90
Tue Nov 20 08:45:45 2012	1353368745	0	90	90	90
Tue Nov 20 08:45:45 2012	1353368745	0	90	90	90
Tue Nov 20 08:45:51 2012	1353368751	0	90	90	90
Tue Nov 20 08:45:51 2012	1353368751	0	90	90	90
Tue Nov 20 08:45:51 2012	1353368751	0	90	90	90
Tue Nov 20 08:45:51 2012	1353368751	0	90	90	90
Tue Nov 20 08:45:45 2012	1353368745	0	90	90	90
Tue Nov 20 08:45:45 2012	1353368745	0	90	90	90
Tue Nov 20 08:45:52 2012	1353368752	0	90	90	90
Tue Nov 20 08:45:52 2012	1353368752	0	90	90	90
Tue Nov 20 08:45:52 2012	1353368752	0	91	91	91
Tue Nov 20 08:45:47 2012	1353368747	0	91	91	91
Tue Nov 20 08:45:47 2012	1353368747	0	91	91	91
Tue Nov 20 08:45:47 2012	1353368747	0	91	91	91
Tue Nov 20 08:45:47 2012	1353368747	0	91	91	91
Tue Nov 20 08:45:47 2012	1353368747	0	91	91	91
Tue Nov 20 08:45:52 2012	1353368752	0	91	91	91
Tue Nov 20 08:45:47 2012	1353368747	0	91	91	91
Tue Nov 20 08:45:47 2012	1353368747	0	91	91	91
Tue Nov 20 08:45:47 2012	1353368747	0	91	91	91
Tue Nov 20 08:45:47 2012	1353368747	0	91	91	91
Tue Nov 20 08:45:48 2012	1353368748	0	91	91	91
Tue Nov 20 08:45:48 2012	1353368748	0	91	91	91
Tue Nov 20 08:45:48 2012	1353368748	0	91	91	91
Tue Nov 20 08:45:48 2012	1353368748	0	91	91	91
Tue Nov 20 08:45:47 2012	1353368747	0	91	91	91
Tue Nov 20 08:45:49 2012	1353368749	0	91	91	91
Tue Nov 20 08:45:49 2012	1353368749	0	91	91	91
Tue Nov 20 08:45:49 2012	1353368749	0	91	91	91
Tue Nov 20 08:45:49 2012	1353368749	0	91	91	91
Tue Nov 20 08:45:49 2012	1353368749	0	91	91	91
Tue Nov 20 08:45:49 2012	1353368749	0	91	91	91
Tue Nov 20 08:45:44 2012	1353368744	0	92	92	92
Tue Nov 20 08:45:44 2012	1353368744	0	92	92	92
Tue Nov 20 08:45:44 2012	1353368744	0	92	92	92
Tue Nov 20 08:45:44 2012	1353368744	0	92	92	92
Tue Nov 20 08:45:46 2012	1353368746	0	92	92	92
Tue Nov 20 08:45:45 2012	1353368745	0	92	92	92
Tue Nov 20 08:45:45 2012	1353368745	0	92	92	92
Tue Nov 20 08:45:45 2012	1353368745	0	92	92	92
Tue Nov 20 08:45:45 2012	1353368745	0	92	92	92
Tue Nov 20 08:45:44 2012	1353368744	0	92	92	92
Tue Nov 20 08:45:44 2012	1353368744	0	92	92	92
Tue Nov 20 08:45:44 2012	1353368744	0	92	92	92
Tue Nov 20 08:45:44 2012	1353368744	0	92	92	92
Tue Nov 20 08:45:45 2012	1353368745	0	92	92	92
Tue Nov 20 08:45:49 2012	1353368749	0	92	92	92
Tue Nov 20 08:45:46 2012	1353368746	0	93	93	93
Tue Nov 20 08:45:46 2012	1353368746	0	93	93	93
Tue Nov 20 08:45:46 2012	1353368746	0	93	93	93
Tue Nov 20 08:45:49 2012	1353368749	0	93	93	93
Tue Nov 20 08:45:49 2012	1353368749	0	93	93	93
Tue Nov 20 08:45:49 2012	1353368749	0	93	93	93
Tue Nov 20 08:45:49 2012	1353368749	0	93	93	93
Tue Nov 20 08:45:52 2012	1353368752	0	93	93	93
Tue Nov 20 08:45:52 2012	1353368752	0	93	93	93
Tue Nov 20 08:45:52 2012	1353368752	0	93	93	93
Tue Nov 20 08:45:52 2012	1353368752	0	93	93	93
Tue Nov 20 08:45:50 2012	1353368750	0	93	93	93
Tue Nov 20 08:45:50 2012	1353368750	0	93	93	93
Tue Nov 20 08:45:50 2012	1353368750	0	93	93	93
Tue Nov 20 08:45:50 2012	1353368750	0	93	93	93
Tue Nov 20 08:45:50 2012	1353368750	0	93	93	93
Tue Nov 20 08:45:50 2012	1353368750	0	94	94	94
Tue Nov 20 08:45:50 2012	1353368750	0	94	94	94
Tue Nov 20 08:45:50 2012	1353368750	0	94	94	94
Tue Nov 20 08:45:50 2012	1353368750	0	94	94	94
Tue Nov 20 08:45:44 2012	1353368744	0	94	94	94
Tue Nov 20 08:45:44 2012	1353368744	0	94	94	94
Tue Nov 20 08:45:44 2012	1353368744	0	94	94	94
Tue Nov 20 08:45:44 2012	1353368744	0	94	94	94
Tue Nov 20 08:45:44 2012	1353368744	0	94	94	94
Tue Nov 20 08:45:47 2012	1353368747	0	95	95	95
Tue Nov 20 08:45:44 2012	1353368744	0	95	95	95
Tue Nov 20 08:45:44 2012	1353368744	0	95	95	95
Tue Nov 20 08:45:44 2012	1353368744	0	95	95	95
Tue Nov 20 08:45:44 2012	1353368744	0	95	95	95
Tue Nov 20 08:45:48 2012	1353368748	0	96	96	95
Tue Nov 20 08:45:48 2012	1353368748	0	96	96	96
Tue Nov 20 08:45:48 2012	1353368748	0	96	96	96
Tue Nov 20 08:45:48 2012	1353368748	0	96	96	96
Tue Nov 20 08:45:47 2012	1353368747	0	96	96	96
Tue Nov 20 08:45:47 2012	1353368747	0	96	96	96
Tue Nov 20 08:45:47 2012	1353368747	0	96	96	96
Tue Nov 20 08:45:47 2012	1353368747	0	96	96	96
Tue Nov 20 08:45:45 2012	1353368745	0	97	97	97
Tue Nov 20 08:45:45 2012	1353368745	0	97	97	97
Tue Nov 20 08:45:46 2012	1353368746	0	98	98	98
Tue Nov 20 08:45:46 2012	1353368746	0	98	98	98
Tue Nov 20 08:45:46 2012	1353368746	0	98	98	98
Tue Nov 20 08:45:46 2012	1353368746	0	98	98	98
Tue Nov 20 08:45:46 2012	1353368746	0	98	98	98
Tue Nov 20 08:45:46 2012	1353368746	0	98	98	98
Tue Nov 20 08:45:46 2012	1353368746	0	98	98	98
Tue Nov 20 08:45:46 2012	1353368746	0	98	98	98
Tue Nov 20 08:45:46 2012	1353368746	0	98	98	98
Tue Nov 20 08:45:46 2012	1353368746	0	98	98	98
Tue Nov 20 08:45:46 2012	1353368746	0	98	98	98
Tue Nov 20 08:45:44 2012	1353368744	0	99	99	99
Tue Nov 20 08:45:44 2012	1353368744	0	99	99	99
Tue Nov 20 08:45:51 2012	1353368751	0	99	99	99
Tue Nov 20 08:45:51 2012	1353368751	0	99	99	99
Tue Nov 20 08:45:51 2012	1353368751	0	99	99	99
Tue Nov 20 08:45:46 2012	1353368746	0	99	99	99
Tue Nov 20 08:45:47 2012	1353368747	0	100	100	100
Tue Nov 20 08:45:47 2012	1353368747	0	100	100	100
Tue Nov 20 08:45:47 2012	1353368747	0	100	100	100
Tue Nov 20 08:45:47 2012	1353368747	0	100	100	100
Tue Nov 20 08:45:47 2012	1353368747	0	100	100	100
Tue Nov 20 08:45:47 2012	1353368747	0	100	100	100
Tue Nov 20 08:45:47 2012	1353368747	0	100	100	100
Tue Nov 20 08:45:50 2012	1353368750	0	101	101	101
Tue Nov 20 08:45:50 2012	1353368750	0	101	101	101
Tue Nov 20 08:45:47 2012	1353368747	0	102	102	102
Tue Nov 20 08:45:47 2012	1353368747	0	102	102	102
Tue Nov 20 08:45:51 2012	1353368751	0	102	102	102
Tue Nov 20 08:45:51 2012	1353368751	0	102	102	102
Tue Nov 20 08:45:49 2012	1353368749	0	102	102	102
Tue Nov 20 08:45:49 2012	1353368749	0	102	102	102
Tue Nov 20 08:45:49 2012	1353368749	0	102	102	102
Tue Nov 20 08:45:49 2012	1353368749	0	102	102	102
Tue Nov 20 08:45:49 2012	1353368749	0	102	102	102
Tue Nov 20 08:45:49 2012	1353368749	0	102	102	102
Tue Nov 20 08:45:52 2012	1353368752	0	103	103	103
Tue Nov 20 08:45:52 2012	1353368752	0	103	103	103
Tue Nov 20 08:45:52 2012	1353368752	0	103	103	103
Tue Nov 20 08:45:52 2012	1353368752	0	103	103	103
Tue Nov 20 08:45:53 2012	1353368753	0	103	103	103
Tue Nov 20 08:45:53 2012	1353368753	0	103	103	103
Tue Nov 20 08:45:53 2012	1353368753	0	103	103	103
Tue Nov 20 08:45:53 2012	1353368753	0	103	103	103
Tue Nov 20 08:45:53 2012	1353368753	0	103	103	103
Tue Nov 20 08:45:53 2012	1353368753	0	103	103	103
Tue Nov 20 08:45:53 2012	1353368753	0	103	103	103
Tue Nov 20 08:45:53 2012	1353368753	0	103	103	103
Tue Nov 20 08:45:53 2012	1353368753	0	103	103	103
Tue Nov 20 08:45:53 2012	1353368753	0	103	103	103
Tue Nov 20 08:45:48 2012	1353368748	0	104	104	104
Tue Nov 20 08:45:48 2012	1353368748	0	104	104	104
Tue Nov 20 08:45:48 2012	1353368748	0	104	104	104
Tue Nov 20 08:45:48 2012	1353368748	0	104	104	104
Tue Nov 20 08:45:52 2012	1353368752	0	104	104	104
Tue Nov 20 08:45:52 2012	1353368752	0	104	104	104
Tue Nov 20 08:45:52 2012	1353368752	0	104	104	104
Tue Nov 20 08:45:50 2012	1353368750	0	104	104	104
Tue Nov 20 08:45:52 2012	1353368752	0	104	104	104
Tue Nov 20 08:45:52 2012	1353368752	0	104	104	104
Tue Nov 20 08:45:52 2012	1353368752	0	105	105	104
Tue Nov 20 08:45:50 2012	1353368750	0	105	105	105
Tue Nov 20 08:45:50 2012	1353368750	0	105	105	105
Tue Nov 20 08:45:50 2012	1353368750	0	105	105	105
Tue Nov 20 08:45:52 2012	1353368752	0	105	105	105
Tue Nov 20 08:45:50 2012	1353368750	0	105	105	105
Tue Nov 20 08:45:52 2012	1353368752	0	105	105	105
Tue Nov 20 08:45:52 2012	1353368752	0	105	105	105
Tue Nov 20 08:45:52 2012	1353368752	0	105	105	105
Tue Nov 20 08:45:52 2012	1353368752	0	105	105	105
Tue Nov 20 08:45:52 2012	1353368752	0	105	105	105
Tue Nov 20 08:45:45 2012	1353368745	0	105	105	105
Tue Nov 20 08:45:45 2012	1353368745	0	105	105	105
Tue Nov 20 08:45:52 2012	1353368752	0	105	105	105
Tue Nov 20 08:45:52 2012	1353368752	0	105	105	105
Tue Nov 20 08:45:48 2012	1353368748	0	105	105	105
Tue Nov 20 08:45:49 2012	1353368749	0	105	105	105
Tue Nov 20 08:45:49 2012	1353368749	0	105	105	105
Tue Nov 20 08:45:52 2012	1353368752	0	105	105	105
Tue Nov 20 08:45:49 2012	1353368749	0	105	105	105
Tue Nov 20 08:45:50 2012	1353368750	0	105	105	105
Tue Nov 20 08:45:50 2012	1353368750	0	105	105	105
Tue Nov 20 08:45:49 2012	1353368749	0	105	105	105
Tue Nov 20 08:45:50 2012	1353368750	0	105	105	105
Tue Nov 20 08:45:50 2012	1353368750	0	105	105	105
Tue Nov 20 08:45:50 2012	1353368750	0	105	105	105
Tue Nov 20 08:45:51 2012	1353368751	0	105	105	105
Tue Nov 20 08:45:48 2012	1353368748	0	105	105	105
Tue Nov 20 08:45:48 2012	1353368748	0	105	105	105
Tue Nov 20 08:45:48 2012	1353368748	0	105	105	105
Tue Nov 20 08:45:48 2012	1353368748	0	105	105	105
Tue Nov 20 08:45:51 2012	1353368751	0	105	105	105
Tue Nov 20 08:45:44 2012	1353368744	0	105	105	105
Tue Nov 20 08:45:44 2012	1353368744	0	105	105	105
Tue Nov 20 08:45:44 2012	1353368744	0	105	105	105
Tue Nov 20 08:45:44 2012	1353368744	0	105	105	105
Tue Nov 20 08:45:51 2012	1353368751	0	105	105	105
Tue Nov 20 08:45:51 2012	1353368751	0	105	105	105
Tue Nov 20 08:45:51 2012	1353368751	0	105	105	105
Tue Nov 20 08:45:51 2012	1353368751	0	105	105	105
Tue Nov 20 08:45:49 2012	1353368749	0	105	105	105
Tue Nov 20 08:45:49 2012	1353368749	0	105	105	105
Tue Nov 20 08:45:48 2012	1353368748	0	105	105	105
Tue Nov 20 08:45:48 2012	1353368748	0	105	105	105
Tue Nov 20 08:45:50 2012	1353368750	0	106	106	106
Tue Nov 20 08:45:50 2012	1353368750	0	106	106	106
Tue Nov 20 08:45:44 2012	1353368744	0	106	106	106
Tue Nov 20 08:45:44 2012	1353368744	0	106	106	106
Tue Nov 20 08:45:44 2012	1353368744	0	106	106	106
Tue Nov 20 08:45:52 2012	1353368752	0	106	106	106
Tue Nov 20 08:45:44 2012	1353368744	0	106	106	106
Tue Nov 20 08:45:44 2012	1353368744	0	106	106	106
Tue Nov 20 08:45:44 2012	1353368744	0	106	106	106
Tue Nov 20 08:45:44 2012	1353368744	0	106	106	106
Tue Nov 20 08:45:44 2012	1353368744	0	106	106	106
Tue Nov 20 08:45:44 2012	1353368744	0	106	106	106
Tue Nov 20 08:45:44 2012	1353368744	0	106	106	106
Tue Nov 20 08:45:44 2012	1353368744	0	106	106	106
Tue Nov 20 08:45:44 2012	1353368744	0	106	106	106
Tue Nov 20 08:45:44 2012	1353368744	0	106	106	106
Tue Nov 20 08:45:44 2012	1353368744	0	106	106	106
Tue Nov 20 08:45:44 2012	1353368744	0	106	106	106
Tue Nov 20 08:45:44 2012	1353368744	0	106	106	106
Tue Nov 20 08:45:44 2012	1353368744	0	106	106	106
Tue Nov 20 08:45:46 2012	1353368746	0	106	106	106
Tue Nov 20 08:45:46 2012	1353368746	0	106	106	106
Tue Nov 20 08:45:52 2012	1353368752	0	106	106	106
Tue Nov 20 08:45:44 2012	1353368744	0	106	106	106
Tue Nov 20 08:45:46 2012	1353368746	0	106	106	106
Tue Nov 20 08:45:46 2012	1353368746	0	106	106	106
Tue Nov 20 08:45:46 2012	1353368746	0	106	106	106
Tue Nov 20 08:45:46 2012	1353368746	0	106	106	106
Tue Nov 20 08:45:46 2012	1353368746	0	106	106	106
Tue Nov 20 08:45:46 2012	1353368746	0	106	106	106
Tue Nov 20 08:45:50 2012	1353368750	0	106	106	106
Tue Nov 20 08:45:50 2012	1353368750	0	106	106	106
Tue Nov 20 08:45:45 2012	1353368745	0	106	106	106
Tue Nov 20 08:45:45 2012	1353368745	0	106	106	106
Tue Nov 20 08:45:45 2012	1353368745	0	106	106	106
Tue Nov 20 08:45:45 2012	1353368745	0	106	106	106
Tue Nov 20 08:45:46 2012	1353368746	0	106	106	106
Tue Nov 20 08:45:45 2012	1353368745	0	106	106	106
Tue Nov 20 08:45:45 2012	1353368745	0	106	106	106
Tue Nov 20 08:45:52 2012	1353368752	0	106	106	106
Tue Nov 20 08:45:52 2012	1353368752	0	106	106	106
Tue Nov 20 08:45:52 2012	1353368752	0	106	106	106
Tue Nov 20 08:45:52 2012	1353368752	0	106	106	106
Tue Nov 20 08:45:45 2012	1353368745	0	106	106	106
Tue Nov 20 08:45:45 2012	1353368745	0	106	106	106
Tue Nov 20 08:45:45 2012	1353368745	0	106	106	106
Tue Nov 20 08:45:45 2012	1353368745	0	106	106	106
Tue Nov 20 08:45:50 2012	1353368750	0	107	107	107
Tue Nov 20 08:45:50 2012	1353368750	0	107	107	107
Tue Nov 20 08:45:50 2012	1353368750	0	107	107	107
Tue Nov 20 08:45:45 2012	1353368745	0	107	107	107
Tue Nov 20 08:45:50 2012	1353368750	0	107	107	107
Tue Nov 20 08:45:49 2012	1353368749	0	107	107	107
Tue Nov 20 08:45:49 2012	1353368749	0	107	107	107
Tue Nov 20 08:45:53 2012	1353368753	0	107	107	107
Tue Nov 20 08:45:53 2012	1353368753	0	108	108	108
Tue Nov 20 08:45:53 2012	1353368753	0	108	108	108
Tue Nov 20 08:45:48 2012	1353368748	0	108	108	108
Tue Nov 20 08:45:48 2012	1353368748	0	108	108	108
Tue Nov 20 08:45:48 2012	1353368748	0	108	108	108
Tue Nov 20 08:45:48 2012	1353368748	0	108	108	108
Tue Nov 20 08:45:48 2012	1353368748	0	108	108	108
Tue Nov 20 08:45:50 2012	1353368750	0	108	108	108
Tue Nov 20 08:45:51 2012	1353368751	0	108	108	108
Tue Nov 20 08:45:51 2012	1353368751	0	108	108	108
Tue Nov 20 08:45:51 2012	1353368751	0	108	108	108
Tue Nov 20 08:45:47 2012	1353368747	0	108	108	108
Tue Nov 20 08:45:47 2012	1353368747	0	108	108	108
Tue Nov 20 08:45:50 2012	1353368750	0	108	108	108
Tue Nov 20 08:45:50 2012	1353368750	0	108	108	108
Tue Nov 20 08:45:50 2012	1353368750	0	109	109	109
Tue Nov 20 08:45:50 2012	1353368750	0	109	109	109
Tue Nov 20 08:45:50 2012	1353368750	0	109	109	109
Tue Nov 20 08:45:50 2012	1353368750	0	109	109	109
Tue Nov 20 08:45:50 2012	1353368750	0	109	109	109
Tue Nov 20 08:45:51 2012	1353368751	0	109	109	109
Tue Nov 20 08:45:51 2012	1353368751	0	109	109	109
Tue Nov 20 08:45:51 2012	1353368751	0	109	109	109
Tue Nov 20 08:45:51 2012	1353368751	0	109	109	109
Tue Nov 20 08:45:51 2012	1353368751	0	109	109	109
Tue Nov 20 08:45:51 2012	1353368751	0	109	109	109
Tue Nov 20 08:45:51 2012	1353368751	0	109	109	109
Tue Nov 20 08:45:47 2012	1353368747	0	109	109	109
Tue Nov 20 08:45:47 2012	1353368747	0	109	109	109
Tue Nov 20 08:45:47 2012	1353368747	0	109	109	109
Tue Nov 20 08:45:50 2012	1353368750	0	109	109	109
Tue Nov 20 08:45:50 2012	1353368750	0	109	109	109
Tue Nov 20 08:45:50 2012	1353368750	0	109	109	109
Tue Nov 20 08:45:50 2012	1353368750	0	109	109	109
Tue Nov 20 08:45:47 2012	1353368747	0	109	109	109
Tue Nov 20 08:45:47 2012	1353368747	0	109	109	109
Tue Nov 20 08:45:47 2012	1353368747	0	109	109	109
Tue Nov 20 08:45:47 2012	1353368747	0	109	109	109
Tue Nov 20 08:45:51 2012	1353368751	0	109	109	109
Tue Nov 20 08:45:51 2012	1353368751	0	109	109	109
Tue Nov 20 08:45:48 2012	1353368748	0	109	109	109
Tue Nov 20 08:45:48 2012	1353368748	0	109	109	109
Tue Nov 20 08:45:48 2012	1353368748	0	109	109	109
Tue Nov 20 08:45:48 2012	1353368748	0	109	109	109
Tue Nov 20 08:45:48 2012	1353368748	0	109	109	109
Tue Nov 20 08:45:48 2012	1353368748	0	109	109	109
Tue Nov 20 08:45:48 2012	1353368748	0	109	109	109
Tue Nov 20 08:45:48 2012	1353368748	0	109	109	109
Tue Nov 20 08:45:48 2012	1353368748	0	109	109	109
Tue Nov 20 08:45:48 2012	1353368748	0	109	109	109
Tue Nov 20 08:45:51 2012	1353368751	0	109	109	109
Tue Nov 20 08:45:51 2012	1353368751	0	109	109	109
Tue Nov 20 08:45:51 2012	1353368751	0	109	109	109
Tue Nov 20 08:45:46 2012	1353368746	0	109	109	109
Tue Nov 20 08:45:47 2012	1353368747	0	109	109	109
Tue Nov 20 08:45:46 2012	1353368746	0	109	109	109
Tue Nov 20 08:45:46 2012	1353368746	0	109	109	109
Tue Nov 20 08:45:46 2012	1353368746	0	109	109	109
Tue Nov 20 08:45:46 2012	1353368746	0	109	109	109
Tue Nov 20 08:45:46 2012	1353368746	0	109	109	109
Tue Nov 20 08:45:46 2012	1353368746	0	109	109	109
Tue Nov 20 08:45:46 2012	1353368746	0	109	109	109
Tue Nov 20 08:45:48 2012	1353368748	0	109	109	109
Tue Nov 20 08:45:48 2012	1353368748	0	109	109	109
Tue Nov 20 08:45:48 2012	1353368748	0	109	109	109
Tue Nov 20 08:45:48 2012	1353368748	0	109	109	109
Tue Nov 20 08:45:47 2012	1353368747	0	109	109	109
Tue Nov 20 08:45:48 2012	1353368748	0	110	110	110
Tue Nov 20 08:45:48 2012	1353368748	0	110	110	110
Tue Nov 20 08:45:48 2012	1353368748	0	110	110	110
Tue Nov 20 08:45:48 2012	1353368748	0	110	110	110
Tue Nov 20 08:45:49 2012	1353368749	0	110	110	110
Tue Nov 20 08:45:49 2012	1353368749	0	110	110	110
Tue Nov 20 08:45:49 2012	1353368749	0	110	110	110
Tue Nov 20 08:45:49 2012	1353368749	0	110	110	110
Tue Nov 20 08:45:49 2012	1353368749	0	110	110	110
Tue Nov 20 08:45:49 2012	1353368749	0	110	110	110
Tue Nov 20 08:45:48 2012	1353368748	0	110	110	110
Tue Nov 20 08:45:48 2012	1353368748	0	110	110	110
Tue Nov 20 08:45:50 2012	1353368750	0	110	110	110
Tue Nov 20 08:45:50 2012	1353368750	0	110	110	110
Tue Nov 20 08:45:43 2012	1353368743	0	110	110	110
Tue Nov 20 08:45:43 2012	1353368743	0	110	110	110
Tue Nov 20 08:45:43 2012	1353368743	0	110	110	110
Tue Nov 20 08:45:43 2012	1353368743	0	110	110	110
Tue Nov 20 08:45:43 2012	1353368743	0	110	110	110
Tue Nov 20 08:45:43 2012	1353368743	0	110	110	110
Tue Nov 20 08:45:45 2012	1353368745	0	110	110	110
Tue Nov 20 08:45:45 2012	1353368745	0	110	110	110
Tue Nov 20 08:45:45 2012	1353368745	0	110	110	110
Tue Nov 20 08:45:43 2012	1353368743	0	110	110	110
Tue Nov 20 08:45:43 2012	1353368743	0	110	110	110
Tue Nov 20 08:45:43 2012	1353368743	0	110	110	110
Tue Nov 20 08:45:43 2012	1353368743	0	110	110	110
Tue Nov 20 08:45:43 2012	1353368743	0	110	110	110
Tue Nov 20 08:45:43 2012	1353368743	0	110	110	110
Tue Nov 20 08:45:43 2012	1353368743	0	110	110	110
Tue Nov 20 08:45:43 2012	1353368743	0	110	110	110
Tue Nov 20 08:45:43 2012	1353368743	0	110	110	110
Tue Nov 20 08:45:43 2012	1353368743	0	110	110	110
Tue Nov 20 08:45:43 2012	1353368743	0	110	110	110
Tue Nov 20 08:45:43 2012	1353368743	0	110	110	110
Tue Nov 20 08:45:52 2012	1353368752	0	110	110	110
Tue Nov 20 08:45:45 2012	1353368745	0	110	110	110
Tue Nov 20 08:45:45 2012	1353368745	0	110	110	110
Tue Nov 20 08:45:43 2012	1353368743	0	111	111	111
Tue Nov 20 08:45:43 2012	1353368743	0	111	111	111
Tue Nov 20 08:45:43 2012	1353368743	0	111	111	111
Tue Nov 20 08:45:43 2012	1353368743	0	111	111	111
Tue Nov 20 08:45:43 2012	1353368743	0	111	111	111
Tue Nov 20 08:45:43 2012	1353368743	0	111	111	111
Tue Nov 20 08:45:53 2012	1353368753	0	111	111	111
Tue Nov 20 08:45:53 2012	1353368753	0	111	111	111
Tue Nov 20 08:45:52 2012	1353368752	0	111	111	111
Tue Nov 20 08:45:52 2012	1353368752	0	111	111	111
Tue Nov 20 08:45:52 2012	1353368752	0	111	111	111
Tue Nov 20 08:45:44 2012	1353368744	0	111	111	111
Tue Nov 20 08:45:44 2012	1353368744	0	111	111	111
Tue Nov 20 08:45:44 2012	1353368744	0	111	111	111
Tue Nov 20 08:45:44 2012	1353368744	0	111	111	111
Tue Nov 20 08:45:48 2012	1353368748	0	111	111	111
Tue Nov 20 08:45:48 2012	1353368748	0	111	111	111
Tue Nov 20 08:45:43 2012	1353368743	0	111	111	111
Tue Nov 20 08:45:43 2012	1353368743	0	111	111	111
Tue Nov 20 08:45:43 2012	1353368743	0	111	111	111
Tue Nov 20 08:45:43 2012	1353368743	0	111	111	111
Tue Nov 20 08:45:43 2012	1353368743	0	111	111	111
Tue Nov 20 08:45:43 2012	1353368743	0	111	111	111
Tue Nov 20 08:45:43 2012	1353368743	0	111	111	111
Tue Nov 20 08:45:43 2012	1353368743	0	112	112	111
Tue Nov 20 08:45:43 2012	1353368743	0	112	112	111
Tue Nov 20 08:45:43 2012	1353368743	0	112	112	111
Tue Nov 20 08:45:51 2012	1353368751	0	112	112	112
Tue Nov 20 08:45:51 2012	1353368751	0	112	112	112
Tue Nov 20 08:45:52 2012	1353368752	0	112	112	112
Tue Nov 20 08:45:46 2012	1353368746	0	112	112	112
Tue Nov 20 08:45:46 2012	1353368746	0	112	112	112
Tue Nov 20 08:45:46 2012	1353368746	0	112	112	112
Tue Nov 20 08:45:52 2012	1353368752	0	112	112	112
Tue Nov 20 08:45:52 2012	1353368752	0	112	112	112
Tue Nov 20 08:45:45 2012	1353368745	0	112	112	112
Tue Nov 20 08:45:45 2012	1353368745	0	112	112	112
Tue Nov 20 08:45:45 2012	1353368745	0	112	112	112
Tue Nov 20 08:45:45 2012	1353368745	0	112	112	112
Tue Nov 20 08:45:45 2012	1353368745	0	112	112	112
Tue Nov 20 08:45:45 2012	1353368745	0	112	112	112
Tue Nov 20 08:45:45 2012	1353368745	0	112	112	112
Tue Nov 20 08:45:45 2012	1353368745	0	112	112	112
Tue Nov 20 08:45:52 2012	1353368752	0	112	112	112
Tue Nov 20 08:45:52 2012	1353368752	0	112	112	112
Tue Nov 20 08:45:52 2012	1353368752	0	112	112	112
Tue Nov 20 08:45:52 2012	1353368752	0	112	112	112
Tue Nov 20 08:45:48 2012	1353368748	0	112	112	112
Tue Nov 20 08:45:48 2012	1353368748	0	112	112	112
Tue Nov 20 08:45:48 2012	1353368748	0	112	112	112
Tue Nov 20 08:45:48 2012	1353368748	0	112	112	112
Tue Nov 20 08:45:49 2012	1353368749	0	112	112	112
Tue Nov 20 08:45:49 2012	1353368749	0	112	112	112
Tue Nov 20 08:45:46 2012	1353368746	0	112	112	112
Tue Nov 20 08:45:46 2012	1353368746	0	112	112	112
Tue Nov 20 08:45:46 2012	1353368746	0	112	112	112
Tue Nov 20 08:45:46 2012	1353368746	0	112	112	112
Tue Nov 20 08:45:46 2012	1353368746	0	112	112	112
Tue Nov 20 08:45:46 2012	1353368746	0	112	112	112
Tue Nov 20 08:45:52 2012	1353368752	0	113	113	113
Tue Nov 20 08:45:48 2012	1353368748	0	113	113	113
Tue Nov 20 08:45:46 2012	1353368746	0	113	113	113
Tue Nov 20 08:45:52 2012	1353368752	0	113	113	113
Tue Nov 20 08:45:52 2012	1353368752	0	113	113	113
Tue Nov 20 08:45:51 2012	1353368751	0	113	113	113
Tue Nov 20 08:45:51 2012	1353368751	0	113	113	113
Tue Nov 20 08:45:51 2012	1353368751	0	113	113	113
Tue Nov 20 08:45:51 2012	1353368751	0	113	113	113
Tue Nov 20 08:45:50 2012	1353368750	0	113	113	113
Tue Nov 20 08:45:50 2012	1353368750	0	113	113	113
Tue Nov 20 08:45:49 2012	1353368749	0	113	113	113
Tue Nov 20 08:45:49 2012	1353368749	0	113	113	113
Tue Nov 20 08:45:49 2012	1353368749	0	113	113	113
Tue Nov 20 08:45:49 2012	1353368749	0	113	113	113
Tue Nov 20 08:45:45 2012	1353368745	0	113	113	113
Tue Nov 20 08:45:45 2012	1353368745	0	113	113	113
Tue Nov 20 08:45:45 2012	1353368745	0	113	113	113
Tue Nov 20 08:45:45 2012	1353368745	0	113	113	113
Tue Nov 20 08:45:45 2012	1353368745	0	113	113	113
Tue Nov 20 08:45:45 2012	1353368745	0	114	114	113
Tue Nov 20 08:45:45 2012	1353368745	0	114	114	113
Tue Nov 20 08:45:45 2012	1353368745	0	114	114	113
Tue Nov 20 08:45:45 2012	1353368745	0	114	114	113
Tue Nov 20 08:45:45 2012	1353368745	0	114	114	113
Tue Nov 20 08:45:45 2012	1353368745	0	114	114	113
Tue Nov 20 08:45:45 2012	1353368745	0	114	114	113
Tue Nov 20 08:45:45 2012	1353368745	0	114	114	113
Tue Nov 20 08:45:45 2012	1353368745	0	114	114	113
Tue Nov 20 08:45:51 2012	1353368751	0	114	114	114
Tue Nov 20 08:45:51 2012	1353368751	0	114	114	114
Tue Nov 20 08:45:51 2012	1353368751	0	114	114	114
Tue Nov 20 08:45:51 2012	1353368751	0	114	114	114
Tue Nov 20 08:45:45 2012	1353368745	0	114	114	114
Tue Nov 20 08:45:51 2012	1353368751	0	114	114	114
Tue Nov 20 08:45:51 2012	1353368751	0	114	114	114
Tue Nov 20 08:45:46 2012	1353368746	0	114	114	114
Tue Nov 20 08:45:46 2012	1353368746	0	114	114	114
Tue Nov 20 08:45:46 2012	1353368746	0	114	114	114
Tue Nov 20 08:45:51 2012	1353368751	0	114	114	114
Tue Nov 20 08:45:51 2012	1353368751	0	114	114	114
Tue Nov 20 08:45:48 2012	1353368748	0	114	114	114
Tue Nov 20 08:45:48 2012	1353368748	0	114	114	114
Tue Nov 20 08:45:48 2012	1353368748	0	114	114	114
Tue Nov 20 08:45:48 2012	1353368748	0	114	114	114
Tue Nov 20 08:45:50 2012	1353368750	0	114	114	114
Tue Nov 20 08:45:50 2012	1353368750	0	114	114	114
Tue Nov 20 08:45:49 2012	1353368749	0	114	114	114
Tue Nov 20 08:45:49 2012	1353368749	0	114	114	114
Tue Nov 20 08:45:49 2012	1353368749	0	114	114	114
Tue Nov 20 08:45:49 2012	1353368749	0	114	114	114
Tue Nov 20 08:45:51 2012	1353368751	0	114	114	114
Tue Nov 20 08:45:49 2012	1353368749	0	114	114	114
Tue Nov 20 08:45:46 2012	1353368746	0	114	114	114
Tue Nov 20 08:45:46 2012	1353368746	0	114	114	114
Tue Nov 20 08:45:46 2012	1353368746	0	114	114	114
Tue Nov 20 08:45:46 2012	1353368746	0	114	114	114
Tue Nov 20 08:45:52 2012	1353368752	0	114	114	114
Tue Nov 20 08:45:44 2012	1353368744	0	114	114	114
Tue Nov 20 08:45:44 2012	1353368744	0	114	114	114
Tue Nov 20 08:45:44 2012	1353368744	0	114	114	114
Tue Nov 20 08:45:44 2012	1353368744	0	114	114	114
Tue Nov 20 08:45:44 2012	1353368744	0	114	114	114
Tue Nov 20 08:45:44 2012	1353368744	0	114	114	114
Tue Nov 20 08:45:44 2012	1353368744	0	114	114	114
Tue Nov 20 08:45:44 2012	1353368744	0	114	114	114
Tue Nov 20 08:45:44 2012	1353368744	0	114	114	114
Tue Nov 20 08:45:44 2012	1353368744	0	114	114	114
Tue Nov 20 08:45:44 2012	1353368744	0	114	114	114
Tue Nov 20 08:45:44 2012	1353368744	0	114	114	114
Tue Nov 20 08:45:44 2012	1353368744	0	114	114	114
Tue Nov 20 08:45:44 2012	1353368744	0	114	114	114
Tue Nov 20 08:45:45 2012	1353368745	0	115	115	115
Tue Nov 20 08:45:45 2012	1353368745	0	115	115	115
Tue Nov 20 08:45:45 2012	1353368745	0	115	115	115
Tue Nov 20 08:45:49 2012	1353368749	0	115	115	115
Tue Nov 20 08:45:49 2012	1353368749	0	115	115	115
Tue Nov 20 08:45:49 2012	1353368749	0	115	115	115
Tue Nov 20 08:45:49 2012	1353368749	0	115	115	115
Tue Nov 20 08:45:45 2012	1353368745	0	115	115	115
Tue Nov 20 08:45:45 2012	1353368745	0	115	115	115
Tue Nov 20 08:45:52 2012	1353368752	0	115	115	115
Tue Nov 20 08:45:52 2012	1353368752	0	115	115	115
Tue Nov 20 08:45:52 2012	1353368752	0	115	115	115
Tue Nov 20 08:45:45 2012	1353368745	0	115	115	115
Tue Nov 20 08:45:45 2012	1353368745	0	115	115	115
Tue Nov 20 08:45:52 2012	1353368752	0	115	115	115
Tue Nov 20 08:45:52 2012	1353368752	0	115	115	115
Tue Nov 20 08:45:47 2012	1353368747	0	115	115	115
Tue Nov 20 08:45:47 2012	1353368747	0	115	115	115
Tue Nov 20 08:45:47 2012	1353368747	0	115	115	115
Tue Nov 20 08:45:47 2012	1353368747	0	115	115	115
Tue Nov 20 08:45:52 2012	1353368752	0	115	115	115
Tue Nov 20 08:45:52 2012	1353368752	0	115	115	115
Tue Nov 20 08:45:52 2012	1353368752	0	115	115	115
Tue Nov 20 08:45:52 2012	1353368752	0	115	115	115
Tue Nov 20 08:45:52 2012	1353368752	0	115	115	115
Tue Nov 20 08:45:46 2012	1353368746	0	115	115	115
Tue Nov 20 08:45:47 2012	1353368747	0	115	115	115
Tue Nov 20 08:45:47 2012	1353368747	0	115	115	115
Tue Nov 20 08:45:47 2012	1353368747	0	115	115	115
Tue Nov 20 08:45:45 2012	1353368745	0	115	115	115
Tue Nov 20 08:45:45 2012	1353368745	0	115	115	115
Tue Nov 20 08:45:45 2012	1353368745	0	115	115	115
Tue Nov 20 08:45:45 2012	1353368745	0	115	115	115
Tue Nov 20 08:45:51 2012	1353368751	0	115	115	115
Tue Nov 20 08:45:46 2012	1353368746	0	115	115	115
Tue Nov 20 08:45:51 2012	1353368751	0	116	116	116
Tue Nov 20 08:45:45 2012	1353368745	0	116	116	116
Tue Nov 20 08:45:45 2012	1353368745	0	116	116	116
Tue Nov 20 08:45:45 2012	1353368745	0	116	116	116
Tue Nov 20 08:45:45 2012	1353368745	0	116	116	116
Tue Nov 20 08:45:47 2012	1353368747	0	116	116	116
Tue Nov 20 08:45:44 2012	1353368744	0	116	116	116
Tue Nov 20 08:45:47 2012	1353368747	0	116	116	116
Tue Nov 20 08:45:47 2012	1353368747	0	116	116	116
Tue Nov 20 08:45:47 2012	1353368747	0	116	116	116
Tue Nov 20 08:45:47 2012	1353368747	0	116	116	116
Tue Nov 20 08:45:46 2012	1353368746	0	116	116	116
Tue Nov 20 08:45:46 2012	1353368746	0	116	116	116
Tue Nov 20 08:45:46 2012	1353368746	0	116	116	116
Tue Nov 20 08:45:46 2012	1353368746	0	116	116	116
Tue Nov 20 08:45:48 2012	1353368748	0	116	116	116
Tue Nov 20 08:45:50 2012	1353368750	0	116	116	116
Tue Nov 20 08:45:50 2012	1353368750	0	116	116	116
Tue Nov 20 08:45:50 2012	1353368750	0	116	116	116
Tue Nov 20 08:45:50 2012	1353368750	0	116	116	116
Tue Nov 20 08:45:49 2012	1353368749	0	116	116	116
Tue Nov 20 08:45:49 2012	1353368749	0	116	116	116
Tue Nov 20 08:45:49 2012	1353368749	0	116	116	116
Tue Nov 20 08:45:47 2012	1353368747	0	116	116	116
Tue Nov 20 08:45:47 2012	1353368747	0	116	116	116
Tue Nov 20 08:45:47 2012	1353368747	0	116	116	116
Tue Nov 20 08:45:49 2012	1353368749	0	116	116	116
Tue Nov 20 08:45:47 2012	1353368747	0	116	116	116
Tue Nov 20 08:45:49 2012	1353368749	0	116	116	116
Tue Nov 20 08:45:49 2012	1353368749	0	117	117	116
Tue Nov 20 08:45:47 2012	1353368747	0	117	117	117
Tue Nov 20 08:45:47 2012	1353368747	0	117	117	117
Tue Nov 20 08:45:47 2012	1353368747	0	117	117	117
Tue Nov 20 08:45:47 2012	1353368747	0	117	117	117
Tue Nov 20 08:45:47 2012	1353368747	0	117	117	117
Tue Nov 20 08:45:47 2012	1353368747	0	117	117	117
Tue Nov 20 08:45:47 2012	1353368747	0	117	117	117
Tue Nov 20 08:45:51 2012	1353368751	0	117	117	117
Tue Nov 20 08:45:51 2012	1353368751	0	117	117	117
Tue Nov 20 08:45:51 2012	1353368751	0	117	117	117
Tue Nov 20 08:45:51 2012	1353368751	0	117	117	117
Tue Nov 20 08:45:50 2012	1353368750	0	117	117	117
Tue Nov 20 08:45:50 2012	1353368750	0	117	117	117
Tue Nov 20 08:45:50 2012	1353368750	0	117	117	117
Tue Nov 20 08:45:50 2012	1353368750	0	117	117	117
Tue Nov 20 08:45:50 2012	1353368750	0	117	117	117
Tue Nov 20 08:45:50 2012	1353368750	0	117	117	117
Tue Nov 20 08:45:50 2012	1353368750	0	117	117	117
Tue Nov 20 08:45:50 2012	1353368750	0	117	117	117
Tue Nov 20 08:45:50 2012	1353368750	0	117	117	117
Tue Nov 20 08:45:50 2012	1353368750	0	117	117	117
Tue Nov 20 08:45:51 2012	1353368751	0	117	117	117
Tue Nov 20 08:45:51 2012	1353368751	0	117	117	117
Tue Nov 20 08:45:47 2012	1353368747	0	117	117	117
Tue Nov 20 08:45:51 2012	1353368751	0	117	117	117
Tue Nov 20 08:45:51 2012	1353368751	0	117	117	117
Tue Nov 20 08:45:51 2012	1353368751	0	117	117	117
Tue Nov 20 08:45:51 2012	1353368751	0	117	117	117
Tue Nov 20 08:45:47 2012	1353368747	0	118	118	118
Tue Nov 20 08:45:47 2012	1353368747	0	118	118	118
Tue Nov 20 08:45:46 2012	1353368746	0	118	118	118
Tue Nov 20 08:45:48 2012	1353368748	0	118	118	118
Tue Nov 20 08:45:48 2012	1353368748	0	118	118	118
Tue Nov 20 08:45:48 2012	1353368748	0	118	118	118
Tue Nov 20 08:45:48 2012	1353368748	0	118	118	118
Tue Nov 20 08:45:46 2012	1353368746	0	118	118	118
Tue Nov 20 08:45:50 2012	1353368750	0	119	119	119
Tue Nov 20 08:45:50 2012	1353368750	0	119	119	119
Tue Nov 20 08:45:50 2012	1353368750	0	119	119	119
Tue Nov 20 08:45:50 2012	1353368750	0	119	119	119
Tue Nov 20 08:45:48 2012	1353368748	0	119	119	118
Tue Nov 20 08:45:48 2012	1353368748	0	119	119	119
Tue Nov 20 08:45:48 2012	1353368748	0	119	119	119
Tue Nov 20 08:45:48 2012	1353368748	0	119	119	119
Tue Nov 20 08:45:52 2012	1353368752	0	119	119	119
Tue Nov 20 08:45:52 2012	1353368752	0	119	119	119
Tue Nov 20 08:45:52 2012	1353368752	0	119	119	119
Tue Nov 20 08:45:52 2012	1353368752	0	119	119	119
Tue Nov 20 08:45:52 2012	1353368752	0	119	119	119
Tue Nov 20 08:45:49 2012	1353368749	0	119	119	119
Tue Nov 20 08:45:49 2012	1353368749	0	119	119	119
Tue Nov 20 08:45:49 2012	1353368749	0	119	119	119
Tue Nov 20 08:45:49 2012	1353368749	0	119	119	119
Tue Nov 20 08:45:49 2012	1353368749	0	119	119	119
Tue Nov 20 08:45:52 2012	1353368752	0	119	119	119
Tue Nov 20 08:45:49 2012	1353368749	0	119	119	119
Tue Nov 20 08:45:49 2012	1353368749	0	119	119	119
Tue Nov 20 08:45:49 2012	1353368749	0	119	119	119
Tue Nov 20 08:45:49 2012	1353368749	0	119	119	119
Tue Nov 20 08:45:49 2012	1353368749	0	119	119	119
Tue Nov 20 08:45:43 2012	1353368743	0	121	121	121
Tue Nov 20 08:45:43 2012	1353368743	0	121	121	121
Tue Nov 20 08:45:43 2012	1353368743	0	121	121	121
Tue Nov 20 08:45:43 2012	1353368743	0	121	121	121
Tue Nov 20 08:45:43 2012	1353368743	0	121	121	121
Tue Nov 20 08:45:43 2012	1353368743	0	121	121	121
Tue Nov 20 08:45:43 2012	1353368743	0	121	121	121
Tue Nov 20 08:45:43 2012	1353368743	0	121	121	121
Tue Nov 20 08:45:43 2012	1353368743	0	121	121	121
Tue Nov 20 08:45:43 2012	1353368743	0	121	121	121
Tue Nov 20 08:45:43 2012	1353368743	0	121	121	121
Tue Nov 20 08:45:43 2012	1353368743	0	121	121	121
Tue Nov 20 08:45:47 2012	1353368747	0	121	121	121
Tue Nov 20 08:45:47 2012	1353368747	0	121	121	121
Tue Nov 20 08:45:47 2012	1353368747	0	121	121	121
Tue Nov 20 08:45:47 2012	1353368747	0	121	121	121
Tue Nov 20 08:45:47 2012	1353368747	0	121	121	121
Tue Nov 20 08:45:47 2012	1353368747	0	121	121	121
Tue Nov 20 08:45:47 2012	1353368747	0	121	121	121
Tue Nov 20 08:45:47 2012	1353368747	0	121	121	121
Tue Nov 20 08:45:47 2012	1353368747	0	121	121	121
Tue Nov 20 08:45:47 2012	1353368747	0	121	121	121
Tue Nov 20 08:45:43 2012	1353368743	0	122	122	122
Tue Nov 20 08:45:43 2012	1353368743	0	122	122	122
Tue Nov 20 08:45:43 2012	1353368743	0	122	122	122
Tue Nov 20 08:45:43 2012	1353368743	0	122	122	122
Tue Nov 20 08:45:43 2012	1353368743	0	122	122	122
Tue Nov 20 08:45:43 2012	1353368743	0	122	122	122
Tue Nov 20 08:45:43 2012	1353368743	0	122	122	122
Tue Nov 20 08:45:43 2012	1353368743	0	122	122	122
Tue Nov 20 08:45:45 2012	1353368745	0	123	123	123
Tue Nov 20 08:45:45 2012	1353368745	0	123	123	123
Tue Nov 20 08:45:45 2012	1353368745	0	123	123	123
Tue Nov 20 08:45:45 2012	1353368745	0	123	123	123
Tue Nov 20 08:45:45 2012	1353368745	0	123	123	123
Tue Nov 20 08:45:45 2012	1353368745	0	123	123	123
Tue Nov 20 08:45:45 2012	1353368745	0	123	123	123
Tue Nov 20 08:45:45 2012	1353368745	0	123	123	123
Tue Nov 20 08:45:45 2012	1353368745	0	123	123	123
Tue Nov 20 08:45:45 2012	1353368745	0	123	123	123
Tue Nov 20 08:45:45 2012	1353368745	0	123	123	123
Tue Nov 20 08:45:44 2012	1353368744	0	123	123	123
Tue Nov 20 08:45:44 2012	1353368744	0	123	123	123
Tue Nov 20 08:45:46 2012	1353368746	0	123	123	123
Tue Nov 20 08:45:46 2012	1353368746	0	123	123	123
Tue Nov 20 08:45:46 2012	1353368746	0	123	123	123
Tue Nov 20 08:45:46 2012	1353368746	0	123	123	123
Tue Nov 20 08:45:46 2012	1353368746	0	123	123	123
Tue Nov 20 08:45:43 2012	1353368743	0	123	123	123
Tue Nov 20 08:45:46 2012	1353368746	0	123	123	123
Tue Nov 20 08:45:43 2012	1353368743	0	123	123	123
Tue Nov 20 08:45:43 2012	1353368743	0	123	123	123
Tue Nov 20 08:45:43 2012	1353368743	0	123	123	123
Tue Nov 20 08:45:43 2012	1353368743	0	123	123	123
Tue Nov 20 08:45:43 2012	1353368743	0	123	123	123
Tue Nov 20 08:45:43 2012	1353368743	0	123	123	123
Tue Nov 20 08:45:43 2012	1353368743	0	123	123	123
Tue Nov 20 08:45:43 2012	1353368743	0	123	123	123
Tue Nov 20 08:45:46 2012	1353368746	0	123	123	123
Tue Nov 20 08:45:43 2012	1353368743	0	123	123	123
Tue Nov 20 08:45:46 2012	1353368746	0	123	123	123
Tue Nov 20 08:45:43 2012	1353368743	0	123	123	123
Tue Nov 20 08:45:46 2012	1353368746	0	123	123	123
Tue Nov 20 08:45:43 2012	1353368743	0	123	123	123
Tue Nov 20 08:45:47 2012	1353368747	0	123	123	123
Tue Nov 20 08:45:44 2012	1353368744	0	123	123	123
Tue Nov 20 08:45:44 2012	1353368744	0	123	123	123
Tue Nov 20 08:45:50 2012	1353368750	0	123	123	123
Tue Nov 20 08:45:44 2012	1353368744	0	123	123	123
Tue Nov 20 08:45:44 2012	1353368744	0	123	123	123
Tue Nov 20 08:45:44 2012	1353368744	0	123	123	123
Tue Nov 20 08:45:44 2012	1353368744	0	123	123	123
Tue Nov 20 08:45:44 2012	1353368744	0	123	123	123
Tue Nov 20 08:45:50 2012	1353368750	0	123	123	123
Tue Nov 20 08:45:44 2012	1353368744	0	123	123	123
Tue Nov 20 08:45:44 2012	1353368744	0	124	124	124
Tue Nov 20 08:45:44 2012	1353368744	0	124	124	124
Tue Nov 20 08:45:44 2012	1353368744	0	124	124	124
Tue Nov 20 08:45:44 2012	1353368744	0	124	124	124
Tue Nov 20 08:45:44 2012	1353368744	0	124	124	124
Tue Nov 20 08:45:44 2012	1353368744	0	124	124	124
Tue Nov 20 08:45:44 2012	1353368744	0	124	124	124
Tue Nov 20 08:45:44 2012	1353368744	0	124	124	124
Tue Nov 20 08:45:44 2012	1353368744	0	124	124	124
Tue Nov 20 08:45:44 2012	1353368744	0	124	124	124
Tue Nov 20 08:45:44 2012	1353368744	0	124	124	124
Tue Nov 20 08:45:44 2012	1353368744	0	124	124	124
Tue Nov 20 08:45:46 2012	1353368746	0	124	124	124
Tue Nov 20 08:45:46 2012	1353368746	0	124	124	124
Tue Nov 20 08:45:46 2012	1353368746	0	124	124	124
Tue Nov 20 08:45:46 2012	1353368746	0	124	124	124
Tue Nov 20 08:45:46 2012	1353368746	0	124	124	124
Tue Nov 20 08:45:46 2012	1353368746	0	124	124	124
Tue Nov 20 08:45:46 2012	1353368746	0	124	124	124
Tue Nov 20 08:45:46 2012	1353368746	0	124	124	124
Tue Nov 20 08:45:46 2012	1353368746	0	124	124	124
Tue Nov 20 08:45:46 2012	1353368746	0	124	124	124
Tue Nov 20 08:45:45 2012	1353368745	0	124	124	124
Tue Nov 20 08:45:45 2012	1353368745	0	124	124	124
Tue Nov 20 08:45:45 2012	1353368745	0	124	124	124
Tue Nov 20 08:45:45 2012	1353368745	0	124	124	124
Tue Nov 20 08:45:45 2012	1353368745	0	124	124	124
Tue Nov 20 08:45:45 2012	1353368745	0	124	124	124
Tue Nov 20 08:45:45 2012	1353368745	0	124	124	124
Tue Nov 20 08:45:45 2012	1353368745	0	124	124	124
Tue Nov 20 08:45:45 2012	1353368745	0	124	124	124
Tue Nov 20 08:45:45 2012	1353368745	0	124	124	124
Tue Nov 20 08:45:45 2012	1353368745	0	124	124	124
Tue Nov 20 08:45:46 2012	1353368746	0	125	125	125
Tue Nov 20 08:45:47 2012	1353368747	0	125	125	125
Tue Nov 20 08:45:45 2012	1353368745	0	125	125	125
Tue Nov 20 08:45:45 2012	1353368745	0	125	125	125
Tue Nov 20 08:45:49 2012	1353368749	0	125	125	125
Tue Nov 20 08:45:49 2012	1353368749	0	125	125	125
Tue Nov 20 08:45:49 2012	1353368749	0	125	125	125
Tue Nov 20 08:45:49 2012	1353368749	0	125	125	125
Tue Nov 20 08:45:49 2012	1353368749	0	125	125	125
Tue Nov 20 08:45:49 2012	1353368749	0	125	125	125
Tue Nov 20 08:45:49 2012	1353368749	0	125	125	125
Tue Nov 20 08:45:47 2012	1353368747	0	125	125	125
Tue Nov 20 08:45:45 2012	1353368745	0	125	125	125
Tue Nov 20 08:45:45 2012	1353368745	0	125	125	125
Tue Nov 20 08:45:45 2012	1353368745	0	125	125	125
Tue Nov 20 08:45:45 2012	1353368745	0	125	125	125
Tue Nov 20 08:45:45 2012	1353368745	0	125	125	125
Tue Nov 20 08:45:45 2012	1353368745	0	125	125	125
Tue Nov 20 08:45:45 2012	1353368745	0	125	125	125
Tue Nov 20 08:45:45 2012	1353368745	0	125	125	125
Tue Nov 20 08:45:45 2012	1353368745	0	125	125	125
Tue Nov 20 08:45:45 2012	1353368745	0	125	125	125
Tue Nov 20 08:45:45 2012	1353368745	0	125	125	125
Tue Nov 20 08:45:45 2012	1353368745	0	125	125	125
Tue Nov 20 08:45:51 2012	1353368751	0	125	125	125
Tue Nov 20 08:45:51 2012	1353368751	0	125	125	125
Tue Nov 20 08:45:51 2012	1353368751	0	125	125	125
Tue Nov 20 08:45:51 2012	1353368751	0	125	125	125
Tue Nov 20 08:45:51 2012	1353368751	0	125	125	125
Tue Nov 20 08:45:51 2012	1353368751	0	125	125	125
Tue Nov 20 08:45:51 2012	1353368751	0	125	125	125
Tue Nov 20 08:45:51 2012	1353368751	0	125	125	125
Tue Nov 20 08:45:51 2012	1353368751	0	125	125	125
Tue Nov 20 08:45:47 2012	1353368747	0	126	126	126
Tue Nov 20 08:45:47 2012	1353368747	0	126	126	126
Tue Nov 20 08:45:44 2012	1353368744	0	126	126	126
Tue Nov 20 08:45:44 2012	1353368744	0	126	126	126
Tue Nov 20 08:45:52 2012	1353368752	0	126	126	126
Tue Nov 20 08:45:52 2012	1353368752	0	126	126	126
Tue Nov 20 08:45:47 2012	1353368747	0	126	126	126
Tue Nov 20 08:45:47 2012	1353368747	0	126	126	126
Tue Nov 20 08:45:47 2012	1353368747	0	126	126	126
Tue Nov 20 08:45:47 2012	1353368747	0	126	126	126
Tue Nov 20 08:45:50 2012	1353368750	0	126	126	126
Tue Nov 20 08:45:50 2012	1353368750	0	126	126	126
Tue Nov 20 08:45:50 2012	1353368750	0	126	126	126
Tue Nov 20 08:45:50 2012	1353368750	0	126	126	126
Tue Nov 20 08:45:50 2012	1353368750	0	126	126	126
Tue Nov 20 08:45:50 2012	1353368750	0	126	126	126
Tue Nov 20 08:45:50 2012	1353368750	0	126	126	126
Tue Nov 20 08:45:44 2012	1353368744	0	126	126	126
Tue Nov 20 08:45:44 2012	1353368744	0	126	126	126
Tue Nov 20 08:45:52 2012	1353368752	0	127	127	127
Tue Nov 20 08:45:52 2012	1353368752	0	127	127	127
Tue Nov 20 08:45:51 2012	1353368751	0	127	127	127
Tue Nov 20 08:45:51 2012	1353368751	0	127	127	127
Tue Nov 20 08:45:51 2012	1353368751	0	127	127	127
Tue Nov 20 08:45:51 2012	1353368751	0	127	127	127
Tue Nov 20 08:45:51 2012	1353368751	0	127	127	127
Tue Nov 20 08:45:51 2012	1353368751	0	127	127	127
Tue Nov 20 08:45:51 2012	1353368751	0	127	127	127
Tue Nov 20 08:45:51 2012	1353368751	0	127	127	127
Tue Nov 20 08:45:51 2012	1353368751	0	127	127	127
Tue Nov 20 08:45:47 2012	1353368747	0	127	127	127
Tue Nov 20 08:45:47 2012	1353368747	0	127	127	127
Tue Nov 20 08:45:47 2012	1353368747	0	127	127	127
Tue Nov 20 08:45:47 2012	1353368747	0	127	127	127
Tue Nov 20 08:45:46 2012	1353368746	0	127	127	127
Tue Nov 20 08:45:46 2012	1353368746	0	127	127	127
Tue Nov 20 08:45:46 2012	1353368746	0	128	128	128
Tue Nov 20 08:45:46 2012	1353368746	0	128	128	128
Tue Nov 20 08:45:46 2012	1353368746	0	128	128	128
Tue Nov 20 08:45:46 2012	1353368746	0	128	128	128
Tue Nov 20 08:45:46 2012	1353368746	0	128	128	128
Tue Nov 20 08:45:46 2012	1353368746	0	128	128	128
Tue Nov 20 08:45:46 2012	1353368746	0	128	128	128
Tue Nov 20 08:45:46 2012	1353368746	0	128	128	128
Tue Nov 20 08:45:46 2012	1353368746	0	128	128	128
Tue Nov 20 08:45:50 2012	1353368750	0	128	128	128
Tue Nov 20 08:45:50 2012	1353368750	0	128	128	128
Tue Nov 20 08:45:50 2012	1353368750	0	128	128	128
Tue Nov 20 08:45:50 2012	1353368750	0	128	128	128
Tue Nov 20 08:45:50 2012	1353368750	0	128	128	128
Tue Nov 20 08:45:50 2012	1353368750	0	128	128	128
Tue Nov 20 08:45:50 2012	1353368750	0	128	128	128
Tue Nov 20 08:45:50 2012	1353368750	0	128	128	128
Tue Nov 20 08:45:50 2012	1353368750	0	128	128	128
Tue Nov 20 08:45:50 2012	1353368750	0	128	128	128
Tue Nov 20 08:45:50 2012	1353368750	0	128	128	128
Tue Nov 20 08:45:50 2012	1353368750	0	128	128	128
Tue Nov 20 08:45:52 2012	1353368752	0	128	128	128
Tue Nov 20 08:45:52 2012	1353368752	0	128	128	128
Tue Nov 20 08:45:52 2012	1353368752	0	128	128	128
Tue Nov 20 08:45:52 2012	1353368752	0	128	128	128
Tue Nov 20 08:45:52 2012	1353368752	0	128	128	128
Tue Nov 20 08:45:52 2012	1353368752	0	128	128	128
Tue Nov 20 08:45:52 2012	1353368752	0	128	128	128
Tue Nov 20 08:45:52 2012	1353368752	0	128	128	128
Tue Nov 20 08:45:52 2012	1353368752	0	128	128	128
Tue Nov 20 08:45:51 2012	1353368751	0	129	129	129
Tue Nov 20 08:45:51 2012	1353368751	0	129	129	129
Tue Nov 20 08:45:51 2012	1353368751	0	129	129	129
Tue Nov 20 08:45:51 2012	1353368751	0	129	129	129
Tue Nov 20 08:45:51 2012	1353368751	0	129	129	129
Tue Nov 20 08:45:51 2012	1353368751	0	129	129	129
Tue Nov 20 08:45:51 2012	1353368751	0	129	129	129
Tue Nov 20 08:45:51 2012	1353368751	0	129	129	129
Tue Nov 20 08:45:51 2012	1353368751	0	129	129	129
Tue Nov 20 08:45:53 2012	1353368753	0	129	129	129
Tue Nov 20 08:45:53 2012	1353368753	0	129	129	129
Tue Nov 20 08:45:48 2012	1353368748	0	130	130	130
Tue Nov 20 08:45:48 2012	1353368748	0	130	130	130
Tue Nov 20 08:45:48 2012	1353368748	0	130	130	130
Tue Nov 20 08:45:48 2012	1353368748	0	130	130	130
Tue Nov 20 08:45:48 2012	1353368748	0	130	130	130
Tue Nov 20 08:45:48 2012	1353368748	0	130	130	130
Tue Nov 20 08:45:48 2012	1353368748	0	130	130	130
Tue Nov 20 08:45:48 2012	1353368748	0	130	130	130
Tue Nov 20 08:45:48 2012	1353368748	0	130	130	130
Tue Nov 20 08:45:50 2012	1353368750	0	130	130	130
Tue Nov 20 08:45:50 2012	1353368750	0	130	130	130
Tue Nov 20 08:45:50 2012	1353368750	0	130	130	130
Tue Nov 20 08:45:50 2012	1353368750	0	130	130	130
Tue Nov 20 08:45:50 2012	1353368750	0	130	130	130
Tue Nov 20 08:45:49 2012	1353368749	0	130	130	130
Tue Nov 20 08:45:50 2012	1353368750	0	130	130	130
Tue Nov 20 08:45:49 2012	1353368749	0	130	130	130
Tue Nov 20 08:45:50 2012	1353368750	0	130	130	130
Tue Nov 20 08:45:50 2012	1353368750	0	130	130	130
Tue Nov 20 08:45:50 2012	1353368750	0	130	130	130
Tue Nov 20 08:45:50 2012	1353368750	0	130	130	130
Tue Nov 20 08:45:52 2012	1353368752	0	130	130	130
Tue Nov 20 08:45:52 2012	1353368752	0	130	130	130
Tue Nov 20 08:45:52 2012	1353368752	0	130	130	130
Tue Nov 20 08:45:52 2012	1353368752	0	130	130	130
Tue Nov 20 08:45:52 2012	1353368752	0	130	130	130
Tue Nov 20 08:45:52 2012	1353368752	0	130	130	130
Tue Nov 20 08:45:52 2012	1353368752	0	130	130	130
Tue Nov 20 08:45:52 2012	1353368752	0	130	130	130
Tue Nov 20 08:45:49 2012	1353368749	0	130	130	130
Tue Nov 20 08:45:49 2012	1353368749	0	130	130	130
Tue Nov 20 08:45:49 2012	1353368749	0	130	130	130
Tue Nov 20 08:45:49 2012	1353368749	0	130	130	130
Tue Nov 20 08:45:49 2012	1353368749	0	130	130	130
Tue Nov 20 08:45:49 2012	1353368749	0	130	130	130
Tue Nov 20 08:45:49 2012	1353368749	0	130	130	130
Tue Nov 20 08:45:49 2012	1353368749	0	130	130	130
Tue Nov 20 08:45:51 2012	1353368751	0	131	131	131
Tue Nov 20 08:45:51 2012	1353368751	0	131	131	131
Tue Nov 20 08:45:51 2012	1353368751	0	131	131	131
Tue Nov 20 08:45:51 2012	1353368751	0	131	131	131
Tue Nov 20 08:45:51 2012	1353368751	0	131	131	131
Tue Nov 20 08:45:51 2012	1353368751	0	131	131	131
Tue Nov 20 08:45:51 2012	1353368751	0	131	131	131
Tue Nov 20 08:45:51 2012	1353368751	0	131	131	131
Tue Nov 20 08:45:48 2012	1353368748	0	131	131	131
Tue Nov 20 08:45:48 2012	1353368748	0	131	131	131
Tue Nov 20 08:45:49 2012	1353368749	0	131	131	131
Tue Nov 20 08:45:49 2012	1353368749	0	131	131	131
Tue Nov 20 08:45:49 2012	1353368749	0	131	131	131
Tue Nov 20 08:45:49 2012	1353368749	0	131	131	131
Tue Nov 20 08:45:49 2012	1353368749	0	131	131	131
Tue Nov 20 08:45:49 2012	1353368749	0	131	131	131
Tue Nov 20 08:45:49 2012	1353368749	0	131	131	131
Tue Nov 20 08:45:49 2012	1353368749	0	131	131	131
Tue Nov 20 08:45:49 2012	1353368749	0	131	131	131
Tue Nov 20 08:45:49 2012	1353368749	0	131	131	131
Tue Nov 20 08:45:43 2012	1353368743	0	132	132	132
Tue Nov 20 08:45:43 2012	1353368743	0	132	132	132
Tue Nov 20 08:45:44 2012	1353368744	0	132	132	132
Tue Nov 20 08:45:44 2012	1353368744	0	132	132	132
Tue Nov 20 08:45:45 2012	1353368745	0	133	133	133
Tue Nov 20 08:45:45 2012	1353368745	0	133	133	133
Tue Nov 20 08:45:45 2012	1353368745	0	133	133	133
Tue Nov 20 08:45:45 2012	1353368745	0	133	133	133
Tue Nov 20 08:45:45 2012	1353368745	0	133	133	133
Tue Nov 20 08:45:45 2012	1353368745	0	133	133	133
Tue Nov 20 08:45:45 2012	1353368745	0	133	133	133
Tue Nov 20 08:45:45 2012	1353368745	0	133	133	133
Tue Nov 20 08:45:45 2012	1353368745	0	133	133	133
Tue Nov 20 08:45:45 2012	1353368745	0	133	133	133
Tue Nov 20 08:45:45 2012	1353368745	0	133	133	133
Tue Nov 20 08:45:45 2012	1353368745	0	133	133	133
Tue Nov 20 08:45:43 2012	1353368743	0	133	133	133
Tue Nov 20 08:45:43 2012	1353368743	0	133	133	133
Tue Nov 20 08:45:43 2012	1353368743	0	133	133	133
Tue Nov 20 08:45:43 2012	1353368743	0	133	133	133
Tue Nov 20 08:45:43 2012	1353368743	0	133	133	133
Tue Nov 20 08:45:43 2012	1353368743	0	133	133	133
Tue Nov 20 08:45:43 2012	1353368743	0	133	133	133
Tue Nov 20 08:45:43 2012	1353368743	0	133	133	133
Tue Nov 20 08:45:43 2012	1353368743	0	133	133	133
Tue Nov 20 08:45:43 2012	1353368743	0	133	133	133
Tue Nov 20 08:45:48 2012	1353368748	0	133	133	133
Tue Nov 20 08:45:48 2012	1353368748	0	133	133	133
Tue Nov 20 08:45:46 2012	1353368746	0	133	133	133
Tue Nov 20 08:45:46 2012	1353368746	0	133	133	133
Tue Nov 20 08:45:46 2012	1353368746	0	133	133	133
Tue Nov 20 08:45:46 2012	1353368746	0	133	133	133
Tue Nov 20 08:45:47 2012	1353368747	0	133	133	133
Tue Nov 20 08:45:47 2012	1353368747	0	133	133	133
Tue Nov 20 08:45:47 2012	1353368747	0	133	133	133
Tue Nov 20 08:45:47 2012	1353368747	0	133	133	133
Tue Nov 20 08:45:47 2012	1353368747	0	133	133	133
Tue Nov 20 08:45:47 2012	1353368747	0	133	133	133
Tue Nov 20 08:45:47 2012	1353368747	0	133	133	133
Tue Nov 20 08:45:51 2012	1353368751	0	134	134	134
Tue Nov 20 08:45:51 2012	1353368751	0	134	134	134
Tue Nov 20 08:45:43 2012	1353368743	0	134	134	134
Tue Nov 20 08:45:43 2012	1353368743	0	134	134	134
Tue Nov 20 08:45:43 2012	1353368743	0	134	134	134
Tue Nov 20 08:45:43 2012	1353368743	0	134	134	134
Tue Nov 20 08:45:43 2012	1353368743	0	134	134	134
Tue Nov 20 08:45:43 2012	1353368743	0	134	134	134
Tue Nov 20 08:45:50 2012	1353368750	0	134	134	134
Tue Nov 20 08:45:50 2012	1353368750	0	134	134	134
Tue Nov 20 08:45:48 2012	1353368748	0	134	134	134
Tue Nov 20 08:45:48 2012	1353368748	0	134	134	134
Tue Nov 20 08:45:48 2012	1353368748	0	134	134	134
Tue Nov 20 08:45:48 2012	1353368748	0	134	134	134
Tue Nov 20 08:45:48 2012	1353368748	0	134	134	134
Tue Nov 20 08:45:48 2012	1353368748	0	134	134	134
Tue Nov 20 08:45:48 2012	1353368748	0	134	134	134
Tue Nov 20 08:45:48 2012	1353368748	0	134	134	134
Tue Nov 20 08:45:48 2012	1353368748	0	134	134	134
Tue Nov 20 08:45:48 2012	1353368748	0	134	134	134
Tue Nov 20 08:45:48 2012	1353368748	0	134	134	134
Tue Nov 20 08:45:48 2012	1353368748	0	134	134	134
Tue Nov 20 08:45:48 2012	1353368748	0	134	134	134
Tue Nov 20 08:45:52 2012	1353368752	0	134	134	134
Tue Nov 20 08:45:52 2012	1353368752	0	135	135	134
Tue Nov 20 08:45:52 2012	1353368752	0	135	135	134
Tue Nov 20 08:45:52 2012	1353368752	0	135	135	134
Tue Nov 20 08:45:52 2012	1353368752	0	135	135	134
Tue Nov 20 08:45:52 2012	1353368752	0	135	135	134
Tue Nov 20 08:45:52 2012	1353368752	0	135	135	134
Tue Nov 20 08:45:52 2012	1353368752	0	135	135	134
Tue Nov 20 08:45:52 2012	1353368752	0	135	135	134
Tue Nov 20 08:45:52 2012	1353368752	0	135	135	134
Tue Nov 20 08:45:48 2012	1353368748	0	135	135	135
Tue Nov 20 08:45:48 2012	1353368748	0	135	135	135
Tue Nov 20 08:45:49 2012	1353368749	0	135	135	135
Tue Nov 20 08:45:49 2012	1353368749	0	135	135	135
Tue Nov 20 08:45:49 2012	1353368749	0	135	135	135
Tue Nov 20 08:45:49 2012	1353368749	0	135	135	135
Tue Nov 20 08:45:49 2012	1353368749	0	135	135	135
Tue Nov 20 08:45:49 2012	1353368749	0	135	135	135
Tue Nov 20 08:45:49 2012	1353368749	0	135	135	135
Tue Nov 20 08:45:49 2012	1353368749	0	135	135	135
Tue Nov 20 08:45:45 2012	1353368745	0	135	135	135
Tue Nov 20 08:45:45 2012	1353368745	0	135	135	135
Tue Nov 20 08:45:48 2012	1353368748	0	136	136	136
Tue Nov 20 08:45:48 2012	1353368748	0	136	136	136
Tue Nov 20 08:45:48 2012	1353368748	0	136	136	136
Tue Nov 20 08:45:48 2012	1353368748	0	136	136	136
Tue Nov 20 08:45:48 2012	1353368748	0	136	136	136
Tue Nov 20 08:45:48 2012	1353368748	0	136	136	136
Tue Nov 20 08:45:48 2012	1353368748	0	136	136	136
Tue Nov 20 08:45:48 2012	1353368748	0	136	136	136
Tue Nov 20 08:45:48 2012	1353368748	0	136	136	136
Tue Nov 20 08:45:50 2012	1353368750	0	136	136	136
Tue Nov 20 08:45:50 2012	1353368750	0	136	136	136
Tue Nov 20 08:45:50 2012	1353368750	0	136	136	136
Tue Nov 20 08:45:50 2012	1353368750	0	136	136	136
Tue Nov 20 08:45:50 2012	1353368750	0	136	136	136
Tue Nov 20 08:45:50 2012	1353368750	0	136	136	136
Tue Nov 20 08:45:50 2012	1353368750	0	136	136	136
Tue Nov 20 08:45:50 2012	1353368750	0	136	136	136
Tue Nov 20 08:45:50 2012	1353368750	0	136	136	136
Tue Nov 20 08:45:50 2012	1353368750	0	136	136	136
Tue Nov 20 08:45:50 2012	1353368750	0	136	136	136
Tue Nov 20 08:45:48 2012	1353368748	0	136	136	136
Tue Nov 20 08:45:48 2012	1353368748	0	136	136	136
Tue Nov 20 08:45:48 2012	1353368748	0	136	136	136
Tue Nov 20 08:45:48 2012	1353368748	0	136	136	136
Tue Nov 20 08:45:48 2012	1353368748	0	136	136	136
Tue Nov 20 08:45:48 2012	1353368748	0	136	136	136
Tue Nov 20 08:45:48 2012	1353368748	0	136	136	136
Tue Nov 20 08:45:48 2012	1353368748	0	136	136	136
Tue Nov 20 08:45:47 2012	1353368747	0	137	137	137
Tue Nov 20 08:45:47 2012	1353368747	0	137	137	137
Tue Nov 20 08:45:47 2012	1353368747	0	137	137	137
Tue Nov 20 08:45:47 2012	1353368747	0	137	137	137
Tue Nov 20 08:45:47 2012	1353368747	0	137	137	137
Tue Nov 20 08:45:47 2012	1353368747	0	137	137	137
Tue Nov 20 08:45:47 2012	1353368747	0	137	137	137
Tue Nov 20 08:45:47 2012	1353368747	0	137	137	137
Tue Nov 20 08:45:44 2012	1353368744	0	137	137	137
Tue Nov 20 08:45:44 2012	1353368744	0	137	137	137
Tue Nov 20 08:45:44 2012	1353368744	0	137	137	137
Tue Nov 20 08:45:44 2012	1353368744	0	137	137	137
Tue Nov 20 08:45:44 2012	1353368744	0	137	137	137
Tue Nov 20 08:45:44 2012	1353368744	0	137	137	137
Tue Nov 20 08:45:44 2012	1353368744	0	137	137	137
Tue Nov 20 08:45:44 2012	1353368744	0	137	137	137
Tue Nov 20 08:45:44 2012	1353368744	0	137	137	137
Tue Nov 20 08:45:44 2012	1353368744	0	137	137	137
Tue Nov 20 08:45:44 2012	1353368744	0	137	137	137
Tue Nov 20 08:45:50 2012	1353368750	0	137	137	137
Tue Nov 20 08:45:50 2012	1353368750	0	137	137	137
Tue Nov 20 08:45:45 2012	1353368745	0	138	138	138
Tue Nov 20 08:45:45 2012	1353368745	0	138	138	138
Tue Nov 20 08:45:45 2012	1353368745	0	138	138	138
Tue Nov 20 08:45:45 2012	1353368745	0	138	138	138
Tue Nov 20 08:45:45 2012	1353368745	0	138	138	138
Tue Nov 20 08:45:45 2012	1353368745	0	138	138	138
Tue Nov 20 08:45:45 2012	1353368745	0	138	138	138
Tue Nov 20 08:45:45 2012	1353368745	0	138	138	138
Tue Nov 20 08:45:45 2012	1353368745	0	138	138	138
Tue Nov 20 08:45:45 2012	1353368745	0	138	138	138
Tue Nov 20 08:45:45 2012	1353368745	0	138	138	138
Tue Nov 20 08:45:50 2012	1353368750	0	138	138	138
Tue Nov 20 08:45:50 2012	1353368750	0	138	138	138
Tue Nov 20 08:45:45 2012	1353368745	0	138	138	138
Tue Nov 20 08:45:45 2012	1353368745	0	138	138	138
Tue Nov 20 08:45:47 2012	1353368747	0	138	138	138
Tue Nov 20 08:45:47 2012	1353368747	0	138	138	138
Tue Nov 20 08:45:52 2012	1353368752	0	138	138	138
Tue Nov 20 08:45:46 2012	1353368746	0	138	138	138
Tue Nov 20 08:45:52 2012	1353368752	0	138	138	138
Tue Nov 20 08:45:52 2012	1353368752	0	138	138	138
Tue Nov 20 08:45:52 2012	1353368752	0	138	138	138
Tue Nov 20 08:45:52 2012	1353368752	0	138	138	138
Tue Nov 20 08:45:52 2012	1353368752	0	138	138	138
Tue Nov 20 08:45:52 2012	1353368752	0	138	138	138
Tue Nov 20 08:45:46 2012	1353368746	0	138	138	138
Tue Nov 20 08:45:52 2012	1353368752	0	138	138	138
Tue Nov 20 08:45:46 2012	1353368746	0	138	138	138
Tue Nov 20 08:45:46 2012	1353368746	0	138	138	138
Tue Nov 20 08:45:46 2012	1353368746	0	138	138	138
Tue Nov 20 08:45:46 2012	1353368746	0	138	138	138
Tue Nov 20 08:45:46 2012	1353368746	0	138	138	138
Tue Nov 20 08:45:46 2012	1353368746	0	138	138	138
Tue Nov 20 08:45:46 2012	1353368746	0	138	138	138
Tue Nov 20 08:45:46 2012	1353368746	0	138	138	138
Tue Nov 20 08:45:46 2012	1353368746	0	138	138	138
Tue Nov 20 08:45:46 2012	1353368746	0	138	138	138
Tue Nov 20 08:45:46 2012	1353368746	0	138	138	138
Tue Nov 20 08:45:45 2012	1353368745	0	139	139	139
Tue Nov 20 08:45:45 2012	1353368745	0	139	139	139
Tue Nov 20 08:45:51 2012	1353368751	0	139	139	139
Tue Nov 20 08:45:51 2012	1353368751	0	139	139	139
Tue Nov 20 08:45:52 2012	1353368752	0	139	139	139
Tue Nov 20 08:45:52 2012	1353368752	0	139	139	139
Tue Nov 20 08:45:51 2012	1353368751	0	139	139	139
Tue Nov 20 08:45:51 2012	1353368751	0	139	139	139
Tue Nov 20 08:45:51 2012	1353368751	0	140	140	140
Tue Nov 20 08:45:51 2012	1353368751	0	140	140	140
Tue Nov 20 08:45:52 2012	1353368752	0	140	140	140
Tue Nov 20 08:45:52 2012	1353368752	0	140	140	140
Tue Nov 20 08:45:52 2012	1353368752	0	140	140	140
Tue Nov 20 08:45:52 2012	1353368752	0	140	140	140
Tue Nov 20 08:45:52 2012	1353368752	0	140	140	140
Tue Nov 20 08:45:52 2012	1353368752	0	140	140	140
Tue Nov 20 08:45:52 2012	1353368752	0	140	140	140
Tue Nov 20 08:45:52 2012	1353368752	0	140	140	140
Tue Nov 20 08:45:52 2012	1353368752	0	140	140	140
Tue Nov 20 08:45:51 2012	1353368751	0	140	140	140
Tue Nov 20 08:45:51 2012	1353368751	0	140	140	140
Tue Nov 20 08:45:51 2012	1353368751	0	140	140	140
Tue Nov 20 08:45:51 2012	1353368751	0	140	140	140
Tue Nov 20 08:45:51 2012	1353368751	0	140	140	140
Tue Nov 20 08:45:51 2012	1353368751	0	140	140	140
Tue Nov 20 08:45:51 2012	1353368751	0	140	140	140
Tue Nov 20 08:45:51 2012	1353368751	0	140	140	140
Tue Nov 20 08:45:51 2012	1353368751	0	140	140	140
Tue Nov 20 08:45:49 2012	1353368749	0	140	140	140
Tue Nov 20 08:45:49 2012	1353368749	0	140	140	140
Tue Nov 20 08:45:51 2012	1353368751	0	140	140	140
Tue Nov 20 08:45:51 2012	1353368751	0	140	140	140
Tue Nov 20 08:45:45 2012	1353368745	0	141	141	141
Tue Nov 20 08:45:45 2012	1353368745	0	141	141	141
Tue Nov 20 08:45:45 2012	1353368745	0	141	141	141
Tue Nov 20 08:45:45 2012	1353368745	0	141	141	141
Tue Nov 20 08:45:45 2012	1353368745	0	141	141	141
Tue Nov 20 08:45:45 2012	1353368745	0	141	141	141
Tue Nov 20 08:45:45 2012	1353368745	0	141	141	141
Tue Nov 20 08:45:45 2012	1353368745	0	141	141	141
Tue Nov 20 08:45:44 2012	1353368744	0	141	141	141
Tue Nov 20 08:45:44 2012	1353368744	0	141	141	141
Tue Nov 20 08:45:49 2012	1353368749	0	141	141	141
Tue Nov 20 08:45:49 2012	1353368749	0	141	141	141
Tue Nov 20 08:45:49 2012	1353368749	0	141	141	141
Tue Nov 20 08:45:49 2012	1353368749	0	141	141	141
Tue Nov 20 08:45:49 2012	1353368749	0	141	141	141
Tue Nov 20 08:45:49 2012	1353368749	0	141	141	141
Tue Nov 20 08:45:49 2012	1353368749	0	141	141	141
Tue Nov 20 08:45:49 2012	1353368749	0	141	141	141
Tue Nov 20 08:45:45 2012	1353368745	0	142	142	142
Tue Nov 20 08:45:45 2012	1353368745	0	142	142	142
Tue Nov 20 08:45:52 2012	1353368752	0	142	142	142
Tue Nov 20 08:45:52 2012	1353368752	0	142	142	142
Tue Nov 20 08:45:49 2012	1353368749	0	142	142	142
Tue Nov 20 08:45:49 2012	1353368749	0	142	142	142
Tue Nov 20 08:45:52 2012	1353368752	0	142	142	142
Tue Nov 20 08:45:52 2012	1353368752	0	142	142	142
Tue Nov 20 08:45:48 2012	1353368748	0	142	142	142
Tue Nov 20 08:45:48 2012	1353368748	0	142	142	142
Tue Nov 20 08:45:48 2012	1353368748	0	142	142	142
Tue Nov 20 08:45:48 2012	1353368748	0	142	142	142
Tue Nov 20 08:45:48 2012	1353368748	0	142	142	142
Tue Nov 20 08:45:48 2012	1353368748	0	142	142	142
Tue Nov 20 08:45:48 2012	1353368748	0	142	142	142
Tue Nov 20 08:45:48 2012	1353368748	0	142	142	142
Tue Nov 20 08:45:49 2012	1353368749	0	142	142	142
Tue Nov 20 08:45:49 2012	1353368749	0	142	142	142
Tue Nov 20 08:45:51 2012	1353368751	0	143	143	143
Tue Nov 20 08:45:51 2012	1353368751	0	143	143	143
Tue Nov 20 08:45:51 2012	1353368751	0	143	143	143
Tue Nov 20 08:45:51 2012	1353368751	0	143	143	143
Tue Nov 20 08:45:51 2012	1353368751	0	143	143	143
Tue Nov 20 08:45:51 2012	1353368751	0	143	143	143
Tue Nov 20 08:45:51 2012	1353368751	0	143	143	143
Tue Nov 20 08:45:52 2012	1353368752	0	143	143	143
Tue Nov 20 08:45:52 2012	1353368752	0	143	143	143
Tue Nov 20 08:45:52 2012	1353368752	0	143	143	143
Tue Nov 20 08:45:52 2012	1353368752	0	143	143	143
Tue Nov 20 08:45:52 2012	1353368752	0	143	143	143
Tue Nov 20 08:45:52 2012	1353368752	0	143	143	143
Tue Nov 20 08:45:44 2012	1353368744	0	143	143	143
Tue Nov 20 08:45:44 2012	1353368744	0	143	143	143
Tue Nov 20 08:45:44 2012	1353368744	0	143	143	143
Tue Nov 20 08:45:44 2012	1353368744	0	143	143	143
Tue Nov 20 08:45:44 2012	1353368744	0	143	143	143
Tue Nov 20 08:45:44 2012	1353368744	0	143	143	143
Tue Nov 20 08:45:44 2012	1353368744	0	143	143	143
Tue Nov 20 08:45:44 2012	1353368744	0	143	143	143
Tue Nov 20 08:45:44 2012	1353368744	0	143	143	143
Tue Nov 20 08:45:44 2012	1353368744	0	143	143	143
Tue Nov 20 08:45:44 2012	1353368744	0	143	143	143
Tue Nov 20 08:45:44 2012	1353368744	0	143	143	143
Tue Nov 20 08:45:44 2012	1353368744	0	143	143	143
Tue Nov 20 08:45:44 2012	1353368744	0	143	143	143
Tue Nov 20 08:45:46 2012	1353368746	0	144	144	144
Tue Nov 20 08:45:46 2012	1353368746	0	144	144	144
Tue Nov 20 08:45:49 2012	1353368749	0	145	145	145
Tue Nov 20 08:45:49 2012	1353368749	0	145	145	145
Tue Nov 20 08:45:49 2012	1353368749	0	145	145	145
Tue Nov 20 08:45:49 2012	1353368749	0	145	145	145
Tue Nov 20 08:45:49 2012	1353368749	0	145	145	145
Tue Nov 20 08:45:49 2012	1353368749	0	145	145	145
Tue Nov 20 08:45:49 2012	1353368749	0	145	145	145
Tue Nov 20 08:45:49 2012	1353368749	0	145	145	145
Tue Nov 20 08:45:48 2012	1353368748	0	145	145	145
Tue Nov 20 08:45:48 2012	1353368748	0	145	145	145
Tue Nov 20 08:45:48 2012	1353368748	0	145	145	145
Tue Nov 20 08:45:48 2012	1353368748	0	145	145	145
Tue Nov 20 08:45:48 2012	1353368748	0	145	145	145
Tue Nov 20 08:45:48 2012	1353368748	0	145	145	145
Tue Nov 20 08:45:48 2012	1353368748	0	145	145	145
Tue Nov 20 08:45:48 2012	1353368748	0	145	145	145
Tue Nov 20 08:45:48 2012	1353368748	0	145	145	145
Tue Nov 20 08:45:48 2012	1353368748	0	145	145	145
Tue Nov 20 08:45:46 2012	1353368746	0	146	146	145
Tue Nov 20 08:45:46 2012	1353368746	0	146	146	145
Tue Nov 20 08:45:52 2012	1353368752	0	146	146	146
Tue Nov 20 08:45:52 2012	1353368752	0	146	146	146
Tue Nov 20 08:45:49 2012	1353368749	0	147	147	147
Tue Nov 20 08:45:49 2012	1353368749	0	147	147	147
Tue Nov 20 08:45:49 2012	1353368749	0	147	147	147
Tue Nov 20 08:45:49 2012	1353368749	0	147	147	147
Tue Nov 20 08:45:49 2012	1353368749	0	147	147	147
Tue Nov 20 08:45:49 2012	1353368749	0	147	147	147
Tue Nov 20 08:45:49 2012	1353368749	0	147	147	147
Tue Nov 20 08:45:47 2012	1353368747	0	147	147	147
Tue Nov 20 08:45:47 2012	1353368747	0	147	147	147
Tue Nov 20 08:45:47 2012	1353368747	0	147	147	147
Tue Nov 20 08:45:47 2012	1353368747	0	147	147	147
Tue Nov 20 08:45:47 2012	1353368747	0	147	147	147
Tue Nov 20 08:45:47 2012	1353368747	0	147	147	147
Tue Nov 20 08:45:47 2012	1353368747	0	147	147	147
Tue Nov 20 08:45:47 2012	1353368747	0	147	147	147
Tue Nov 20 08:45:47 2012	1353368747	0	147	147	147
Tue Nov 20 08:45:47 2012	1353368747	0	147	147	147
Tue Nov 20 08:45:47 2012	1353368747	0	147	147	147
Tue Nov 20 08:45:46 2012	1353368746	0	147	147	147
Tue Nov 20 08:45:46 2012	1353368746	0	147	147	147
Tue Nov 20 08:45:46 2012	1353368746	0	147	147	147
Tue Nov 20 08:45:46 2012	1353368746	0	147	147	147
Tue Nov 20 08:45:46 2012	1353368746	0	147	147	147
Tue Nov 20 08:45:46 2012	1353368746	0	147	147	147
Tue Nov 20 08:45:46 2012	1353368746	0	147	147	147
Tue Nov 20 08:45:46 2012	1353368746	0	147	147	147
Tue Nov 20 08:45:46 2012	1353368746	0	147	147	147
Tue Nov 20 08:45:46 2012	1353368746	0	148	148	148
Tue Nov 20 08:45:46 2012	1353368746	0	148	148	148
Tue Nov 20 08:45:49 2012	1353368749	0	148	148	148
Tue Nov 20 08:45:49 2012	1353368749	0	148	148	148
Tue Nov 20 08:45:51 2012	1353368751	0	149	149	149
Tue Nov 20 08:45:51 2012	1353368751	0	149	149	149
Tue Nov 20 08:45:51 2012	1353368751	0	150	150	150
Tue Nov 20 08:45:51 2012	1353368751	0	150	150	150
Tue Nov 20 08:45:51 2012	1353368751	0	150	150	150
Tue Nov 20 08:45:51 2012	1353368751	0	150	150	150
Tue Nov 20 08:45:51 2012	1353368751	0	150	150	150
Tue Nov 20 08:45:51 2012	1353368751	0	150	150	150
Tue Nov 20 08:45:51 2012	1353368751	0	150	150	150
Tue Nov 20 08:45:51 2012	1353368751	0	150	150	150
Tue Nov 20 08:45:44 2012	1353368744	0	150	150	150
Tue Nov 20 08:45:44 2012	1353368744	0	150	150	150
Tue Nov 20 08:45:44 2012	1353368744	0	150	150	150
Tue Nov 20 08:45:44 2012	1353368744	0	150	150	150
Tue Nov 20 08:45:44 2012	1353368744	0	150	150	150
Tue Nov 20 08:45:44 2012	1353368744	0	150	150	150
Tue Nov 20 08:45:44 2012	1353368744	0	150	150	150
Tue Nov 20 08:45:44 2012	1353368744	0	150	150	150
Tue Nov 20 08:45:46 2012	1353368746	0	150	150	150
Tue Nov 20 08:45:46 2012	1353368746	0	150	150	150
Tue Nov 20 08:45:44 2012	1353368744	0	151	151	151
Tue Nov 20 08:45:44 2012	1353368744	0	151	151	151
Tue Nov 20 08:45:43 2012	1353368743	0	152	152	152
Tue Nov 20 08:45:43 2012	1353368743	0	152	152	152
Tue Nov 20 08:45:44 2012	1353368744	0	152	152	152
Tue Nov 20 08:45:44 2012	1353368744	0	152	152	152
Tue Nov 20 08:45:46 2012	1353368746	0	154	154	154
Tue Nov 20 08:45:46 2012	1353368746	0	154	154	154
Tue Nov 20 08:45:46 2012	1353368746	0	154	154	154
Tue Nov 20 08:45:46 2012	1353368746	0	154	154	154
Tue Nov 20 08:45:46 2012	1353368746	0	154	154	154
Tue Nov 20 08:45:46 2012	1353368746	0	154	154	154
Tue Nov 20 08:45:46 2012	1353368746	0	154	154	154
Tue Nov 20 08:45:46 2012	1353368746	0	154	154	154
Tue Nov 20 08:45:50 2012	1353368750	0	155	155	155
Tue Nov 20 08:45:50 2012	1353368750	0	155	155	155
Tue Nov 20 08:45:50 2012	1353368750	0	155	155	155
Tue Nov 20 08:45:50 2012	1353368750	0	155	155	155
Tue Nov 20 08:45:50 2012	1353368750	0	155	155	155
Tue Nov 20 08:45:46 2012	1353368746	0	155	155	155
Tue Nov 20 08:45:46 2012	1353368746	0	155	155	155
Tue Nov 20 08:45:50 2012	1353368750	0	156	156	156
Tue Nov 20 08:45:50 2012	1353368750	0	156	156	156
Tue Nov 20 08:45:50 2012	1353368750	0	156	156	156
Tue Nov 20 08:45:50 2012	1353368750	0	156	156	156
Tue Nov 20 08:45:47 2012	1353368747	0	157	157	157
Tue Nov 20 08:45:47 2012	1353368747	0	157	157	157
Tue Nov 20 08:45:47 2012	1353368747	0	158	158	158
Tue Nov 20 08:45:47 2012	1353368747	0	158	158	158
Tue Nov 20 08:45:47 2012	1353368747	0	158	158	158
Tue Nov 20 08:45:47 2012	1353368747	0	158	158	158
Tue Nov 20 08:45:47 2012	1353368747	0	158	158	158
Tue Nov 20 08:45:47 2012	1353368747	0	158	158	158
Tue Nov 20 08:45:47 2012	1353368747	0	158	158	158
Tue Nov 20 08:45:47 2012	1353368747	0	158	158	158
Tue Nov 20 08:45:47 2012	1353368747	0	158	158	158
Tue Nov 20 08:45:50 2012	1353368750	0	159	159	159
Tue Nov 20 08:45:50 2012	1353368750	0	159	159	159
Tue Nov 20 08:45:50 2012	1353368750	0	159	159	159
Tue Nov 20 08:45:50 2012	1353368750	0	159	159	159
Tue Nov 20 08:45:50 2012	1353368750	0	159	159	159
Tue Nov 20 08:45:50 2012	1353368750	0	159	159	159
Tue Nov 20 08:45:50 2012	1353368750	0	159	159	159
Tue Nov 20 08:45:48 2012	1353368748	0	160	160	160
Tue Nov 20 08:45:48 2012	1353368748	0	160	160	160
Tue Nov 20 08:45:47 2012	1353368747	0	160	160	160
Tue Nov 20 08:45:47 2012	1353368747	0	160	160	160
Tue Nov 20 08:45:47 2012	1353368747	0	160	160	160
Tue Nov 20 08:45:47 2012	1353368747	0	160	160	160
Tue Nov 20 08:45:47 2012	1353368747	0	160	160	160
Tue Nov 20 08:45:47 2012	1353368747	0	160	160	160
Tue Nov 20 08:45:47 2012	1353368747	0	160	160	160
Tue Nov 20 08:45:46 2012	1353368746	0	162	162	162
Tue Nov 20 08:45:46 2012	1353368746	0	162	162	162
Tue Nov 20 08:45:46 2012	1353368746	0	162	162	162
Tue Nov 20 08:45:46 2012	1353368746	0	162	162	162
Tue Nov 20 08:45:46 2012	1353368746	0	162	162	162
Tue Nov 20 08:45:44 2012	1353368744	0	163	163	163
Tue Nov 20 08:45:44 2012	1353368744	0	163	163	163
Tue Nov 20 08:45:44 2012	1353368744	0	163	163	163
Tue Nov 20 08:45:44 2012	1353368744	0	163	163	163
Tue Nov 20 08:45:44 2012	1353368744	0	163	163	163
Tue Nov 20 08:45:44 2012	1353368744	0	163	163	163
Tue Nov 20 08:45:44 2012	1353368744	0	163	163	163
Tue Nov 20 08:45:47 2012	1353368747	0	165	165	165
Tue Nov 20 08:45:47 2012	1353368747	0	165	165	165
Tue Nov 20 08:45:43 2012	1353368743	0	168	168	168
Tue Nov 20 08:45:43 2012	1353368743	0	168	168	168
Tue Nov 20 08:45:43 2012	1353368743	0	168	168	168
Tue Nov 20 08:45:43 2012	1353368743	0	168	168	168
Tue Nov 20 08:45:43 2012	1353368743	0	168	168	168
Tue Nov 20 08:45:43 2012	1353368743	0	168	168	168
Tue Nov 20 08:45:43 2012	1353368743	0	168	168	168
Tue Nov 20 08:45:43 2012	1353368743	0	168	168	168
Tue Nov 20 08:45:43 2012	1353368743	0	188	189	188
Tue Nov 20 08:45:43 2012	1353368743	0	188	189	188
Tue Nov 20 08:45:43 2012	1353368743	0	188	189	188
Tue Nov 20 08:45:43 2012	1353368743	0	188	189	188
Tue Nov 20 08:45:43 2012	1353368743	0	188	189	188
Tue Nov 20 08:45:43 2012	1353368743	0	188	189	188
Tue Nov 20 08:45:43 2012	1353368743	1	188	189	188
Tue Nov 20 08:45:43 2012	1353368743	1	188	189	188
Tue Nov 20 08:45:43 2012	1353368743	1	188	189	188
Tue Nov 20 08:45:43 2012	1353368743	1	188	189	188
Tue Nov 20 08:45:43 2012	1353368743	0	202	202	202
Tue Nov 20 08:45:43 2012	1353368743	0	202	202	202
